Symbol,Date,Open,High,Low,Adj Close,Volume
AAPL,02/01/2014,555.680008,557.029999,552.020004,75.224743,58671200
AAPL,03/01/2014,552.860023,553.699989,540.429993,73.572368,98116900
AAPL,06/01/2014,537.450005,546.800018,533.599983,73.973559,103152700
AAPL,07/01/2014,544.320015,545.959999,537.919975,73.44453,79302300
AAPL,08/01/2014,538.809982,545.55999,538.68998,73.909644,64632400
AAPL,09/01/2014,546.800018,546.859993,535.349983,72.965812,69787200
AAPL,10/01/2014,539.829979,540.799988,531.109993,72.478938,76244000
AAPL,13/01/2014,529.910019,542.5,529.880005,72.858376,94623200
AAPL,14/01/2014,538.220009,546.730003,537.659996,74.308119,83140400
AAPL,15/01/2014,553.520012,560.200005,551.659996,75.800016,97909700
AAPL,16/01/2014,554.900017,556.850021,551.680023,75.377065,57319500
AAPL,17/01/2014,551.480019,552.069992,539.899994,73.530205,106684900
AAPL,21/01/2014,540.990005,550.07,540.420006,74.672588,82131700
AAPL,22/01/2014,550.910019,557.289978,547.809975,75.004424,94996300
AAPL,23/01/2014,549.94001,556.5,544.810013,75.639538,100809800
AAPL,24/01/2014,554.000023,555.61998,544.749985,74.264598,107338700
AAPL,27/01/2014,550.07,554.799988,545.750008,74.867072,138719700
AAPL,28/01/2014,508.760002,514.999985,502.070023,68.88314,266380800
AAPL,29/01/2014,503.950012,507.37001,498.62001,68.101152,125702500
AAPL,30/01/2014,502.539993,506.499977,496.70002,67.969232,169625400
AAPL,31/01/2014,495.179985,501.529984,493.549988,68.08075,116199300
AAPL,03/02/2014,502.610008,507.730019,499.300026,68.20723,100366000
AAPL,04/02/2014,505.849976,509.459991,502.760025,69.194582,94170300
AAPL,05/02/2014,506.560005,515.279991,506.249985,69.711373,82086200
AAPL,06/02/2014,510.060005,513.499977,507.81002,70.117699,64441300
AAPL,07/02/2014,521.379997,522.929993,517.380013,71.098643,92570100
AAPL,10/02/2014,518.659988,531.990013,518,72.372367,86389800
AAPL,11/02/2014,530.610008,537.749985,529.500023,73.325947,70564200
AAPL,12/02/2014,536.95002,539.560013,533.239975,73.320475,77025200
AAPL,13/02/2014,534.659981,544.850014,534.199997,74.484747,76849500
AAPL,14/02/2014,542.469986,545.980026,541.209984,74.424556,68231100
AAPL,18/02/2014,546,551.190025,545.609978,74.698179,65062900
AAPL,19/02/2014,544.749985,546.890007,534.350014,73.518855,78442000
AAPL,20/02/2014,532.989983,537.000008,528.999985,72.667881,76464500
AAPL,21/02/2014,532.789978,534.569992,524.599991,71.860688,69696200
AAPL,24/02/2014,523.150024,529.920006,522.420021,72.17536,72227400
AAPL,25/02/2014,529.38002,529.569984,521.000015,71.42426,57988000
AAPL,26/02/2014,523.610008,525,515.599998,70.779872,69054300
AAPL,27/02/2014,517.140007,528.780006,516.049995,72.191778,75470500
AAPL,28/02/2014,529.079987,532.749977,522.119987,71.99613,92992200
AAPL,03/03/2014,523.419991,530.650009,522.80999,72.20409,59695300
AAPL,04/03/2014,530.999977,532.640015,527.769997,72.680193,64785000
AAPL,05/03/2014,530.919975,534.750023,529.129974,72.833426,50015700
AAPL,06/03/2014,532.789978,534.440002,528.099991,72.613155,46372200
AAPL,07/03/2014,531.090019,531.980026,526.050011,72.570748,55182400
AAPL,10/03/2014,528.360023,533.330017,528.339996,72.636412,44646000
AAPL,11/03/2014,535.450012,538.740021,532.589973,73.343732,69806100
AAPL,12/03/2014,534.510017,537.349976,532,73.414876,49831600
AAPL,13/03/2014,537.440018,539.659988,529.159988,72.599477,64435700
AAPL,14/03/2014,528.789993,530.890015,523.000008,71.784072,59299800
AAPL,17/03/2014,527.699982,529.969994,525.850006,72.064542,49886200
AAPL,18/03/2014,525.899994,531.969986,525.200005,72.702083,52411800
AAPL,19/03/2014,532.259979,536.23999,528.999985,72.682933,56189000
AAPL,20/03/2014,529.889992,532.669975,527.350014,72.332693,52099600
AAPL,21/03/2014,531.929985,533.75,526.330017,72.903197,93511600
AAPL,24/03/2014,538.420013,540.500008,535.05999,73.767856,88925200
AAPL,25/03/2014,541.499977,545.750008,539.589973,74.561364,70573300
AAPL,26/03/2014,546.520012,549.000015,538.860023,73.848572,74942000
AAPL,27/03/2014,540.019997,541.499977,535.120018,73.531167,55507900
AAPL,28/03/2014,538.319984,538.940025,534.249985,73.449078,50141000
AAPL,31/03/2014,539.230019,540.809975,535.930023,73.43266,42167300
AAPL,01/04/2014,537.760025,541.870026,536.769989,74.104411,50190000
AAPL,02/04/2014,542.379997,543.479996,540.260002,74.227541,45105200
AAPL,03/04/2014,541.390015,542.5,537.640022,73.71313,40586000
AAPL,04/04/2014,539.810005,540.000023,530.579994,72.75955,68812800
AAPL,07/04/2014,528.019989,530.900002,521.890022,71.61716,72462600
AAPL,08/04/2014,525.190018,526.120026,518.699989,71.613061,60972100
AAPL,09/04/2014,522.639999,530.490005,522.020012,72.55433,51542400
AAPL,10/04/2014,530.680023,532.240005,523.169998,71.618534,59913000
AAPL,11/04/2014,519.000023,522.830017,517.140007,71.089071,67929400
AAPL,14/04/2014,521.900009,522.159988,517.210022,71.372266,51418500
AAPL,15/04/2014,520.270012,521.639977,511.329994,70.863327,66622500
AAPL,16/04/2014,518.049988,521.090004,514.139992,71.006982,53691400
AAPL,17/04/2014,519.999992,527.76001,519.199974,71.818281,71083600
AAPL,21/04/2014,525.339981,532.139977,523.959976,72.670621,45637200
AAPL,22/04/2014,528.309982,531.830009,526.500008,72.743132,50640800
AAPL,23/04/2014,529.060013,531.13002,524.449974,71.792284,98735000
AAPL,24/04/2014,568.210014,570.000015,560.730003,77.677951,189977900
AAPL,25/04/2014,564.529984,571.990021,563.959984,78.248455,97568800
AAPL,28/04/2014,572.800026,595.749977,572.54998,81.278855,167371400
AAPL,29/04/2014,593.739998,595.979996,589.509995,81.038059,84344400
AAPL,30/04/2014,592.639999,599.430008,589.799988,80.7316,114160200
AAPL,01/05/2014,591.999985,594.799995,586.360016,80.921775,61012000
AAPL,02/05/2014,592.340019,594.199982,589.709999,81.072269,47878600
AAPL,05/05/2014,590.140022,600.999977,589.999992,82.21875,71766800
AAPL,06/05/2014,601.799995,604.409988,594.410027,81.322635,93641100
AAPL,07/05/2014,595.249992,597.289986,587.72998,81.038059,70716100
AAPL,08/05/2014,588.249992,594.410027,586.400017,80.89361,57574300
AAPL,09/05/2014,584.540001,586.25,580.330025,80.556549,72899400
AAPL,12/05/2014,587.489975,593.659996,587.399986,81.559481,53302200
AAPL,13/05/2014,591.999985,594.540016,590.699982,81.687428,39934300
AAPL,14/05/2014,592.430008,597.400002,591.740005,81.702556,41601000
AAPL,15/05/2014,594.70002,596.599983,588.040001,81.007796,57711500
AAPL,16/05/2014,588.629974,597.529991,585.399994,82.203339,69064100
AAPL,19/05/2014,597.849998,607.330002,597.329987,83.177381,79438800
AAPL,20/05/2014,604.510017,606.399994,600.730011,83.19389,58709000
AAPL,21/05/2014,603.830002,606.699974,602.059975,83.41401,49214900
AAPL,22/05/2014,606.599998,609.850006,604.100021,83.54608,50190000
AAPL,23/05/2014,607.25,614.730011,606.470009,84.489858,58052400
AAPL,27/05/2014,615.879997,625.859985,615.630005,86.071991,87216500
AAPL,28/05/2014,626.019989,629.830009,623.779991,85.849115,78870400
AAPL,29/05/2014,627.849991,636.87001,627.769989,87.413357,94118500
AAPL,30/05/2014,637.979996,644.169991,628.900002,87.085929,141005200
AAPL,02/06/2014,633.959984,634.830017,622.500015,86.48747,92337700
AAPL,03/06/2014,628.459991,638.740013,628.25,87.710522,73177300
AAPL,04/06/2014,637.44001,647.890022,636.109993,88.71208,83870500
AAPL,05/06/2014,646.199997,649.370003,642.610008,89.060147,75951400
AAPL,06/06/2014,649.900002,651.259979,644.470024,88.815266,87484600
AAPL,09/06/2014,92.699997,93.879997,91.75,90.236426,75415000
AAPL,10/06/2014,94.730003,95.050003,93.57,90.766098,62777000
AAPL,11/06/2014,94.129997,94.760002,93.470001,90.390515,45681000
AAPL,12/06/2014,94.040001,94.120003,91.900002,88.878549,54749000
AAPL,13/06/2014,92.199997,92.440002,90.879997,87.905881,54525000
AAPL,16/06/2014,91.510002,92.75,91.449997,88.791872,35561000
AAPL,17/06/2014,92.309998,92.699997,91.800003,88.676313,29726000
AAPL,18/06/2014,92.269997,92.290001,91.349998,88.772615,33514000
AAPL,19/06/2014,92.290001,92.300003,91.339996,88.464444,35528000
AAPL,20/06/2014,91.849998,92.550003,90.900002,87.549563,100898000
AAPL,23/06/2014,91.32,91.620003,90.599998,87.472518,43694000
AAPL,24/06/2014,90.75,91.739998,90.190002,86.942846,39036000
AAPL,25/06/2014,90.209999,90.699997,89.650002,87.019891,36869000
AAPL,26/06/2014,90.370003,91.050003,89.800003,87.539931,32629000
AAPL,27/06/2014,90.82,92,90.769997,88.580011,64029000
AAPL,30/06/2014,92.099998,93.730003,92.089996,89.494892,49482300
AAPL,01/07/2014,93.519997,94.07,93.129997,90.063079,38223000
AAPL,02/07/2014,93.870003,94.059998,93.089996,90.024564,28465000
AAPL,03/07/2014,93.669998,94.099998,93.199997,90.554229,22891800
AAPL,07/07/2014,94.139999,95.989998,94.099998,92.42252,56468000
AAPL,08/07/2014,96.269997,96.800003,93.919998,91.825436,65222000
AAPL,09/07/2014,95.440002,95.949997,94.760002,91.863958,36436000
AAPL,10/07/2014,93.760002,95.550003,93.519997,91.526897,39686000
AAPL,11/07/2014,95.360001,95.889999,94.860001,91.700244,34018000
AAPL,14/07/2014,95.860001,96.889999,95.650002,92.884773,42810000
AAPL,15/07/2014,96.800003,96.849998,95.029999,91.796546,45477900
AAPL,16/07/2014,96.970001,97.099998,94.739998,91.276506,53396300
AAPL,17/07/2014,95.029999,95.279999,92.57,89.648973,57298000
AAPL,18/07/2014,93.620003,94.739998,93.019997,90.939445,49988000
AAPL,21/07/2014,94.989998,95,93.720001,90.467559,39079000
AAPL,22/07/2014,94.68,94.889999,94.120003,91.218726,55197000
AAPL,23/07/2014,95.419998,97.879997,95.169998,93.597425,92918000
AAPL,24/07/2014,97.040001,97.32,96.419998,93.443336,45729000
AAPL,25/07/2014,96.849998,97.839996,96.639999,94.059678,43469000
AAPL,28/07/2014,97.82,99.239998,97.550003,95.359774,55318000
AAPL,29/07/2014,99.330002,99.440002,98.25,94.743432,43143000
AAPL,30/07/2014,98.440002,98.699997,97.669998,94.521938,33010000
AAPL,31/07/2014,97.160004,97.449997,95.330002,92.066195,56843000
AAPL,01/08/2014,94.900002,96.620003,94.809998,92.576602,48511000
AAPL,04/08/2014,96.370003,96.580002,95.169998,92.056562,39958000
AAPL,05/08/2014,95.360001,95.68,94.360001,91.603942,55933000
AAPL,06/08/2014,94.75,95.480003,94.709999,91.449852,38558000
AAPL,07/08/2014,94.93,95.949997,94.099998,91.440176,46711000
AAPL,08/08/2014,94.260002,94.82,93.279999,91.691806,41865000
AAPL,11/08/2014,95.269997,96.080002,94.839996,92.901588,36585000
AAPL,12/08/2014,96.040001,96.879997,95.610001,92.882235,33795000
AAPL,13/08/2014,96.150002,97.239998,96.040001,94.11137,31916000
AAPL,14/08/2014,97.330002,97.57,96.800003,94.363007,28116000
AAPL,15/08/2014,97.900002,98.190002,96.860001,94.827566,48951000
AAPL,18/08/2014,98.489998,99.370003,97.980003,95.969601,47572000
AAPL,19/08/2014,99.410004,100.68,99.32,97.295518,69399000
AAPL,20/08/2014,100.440002,101.089996,99.949997,97.334231,52699000
AAPL,21/08/2014,100.57,100.940002,100.110001,97.343912,33478000
AAPL,22/08/2014,100.290001,101.470001,100.190002,98.060101,44184000
AAPL,25/08/2014,101.790001,102.169998,101.279999,98.273024,40270000
AAPL,26/08/2014,101.419998,101.5,100.860001,97.643935,33152000
AAPL,27/08/2014,101.019997,102.57,100.699997,98.844037,52369000
AAPL,28/08/2014,101.589996,102.779999,101.559998,98.960179,68460000
AAPL,29/08/2014,102.860001,102.900002,102.199997,99.202135,44595000
AAPL,02/09/2014,103.059998,103.739998,102.720001,99.976399,53564000
AAPL,03/09/2014,103.099998,103.199997,98.580002,95.756678,125421000
AAPL,04/09/2014,98.849998,100.089996,97.790001,94.963061,85718000
AAPL,05/09/2014,98.800003,99.389999,98.309998,95.785712,58457000
AAPL,08/09/2014,99.300003,99.309998,98.050003,95.195338,46356700
AAPL,09/09/2014,99.080002,103.080002,96.139999,94.837239,189846300
AAPL,10/09/2014,98.010002,101.110001,97.760002,97.750397,100869600
AAPL,11/09/2014,100.410004,101.440002,99.620003,98.166562,62353100
AAPL,12/09/2014,101.209999,102.190002,101.080002,98.389165,62626100
AAPL,15/09/2014,102.809998,103.050003,101.440002,98.360124,61316500
AAPL,16/09/2014,99.800003,101.260002,98.889999,97.614902,66908100
AAPL,17/09/2014,101.269997,101.800003,100.589996,98.311737,60926500
AAPL,18/09/2014,101.93,102.349998,101.559998,98.51498,37299400
AAPL,19/09/2014,102.290001,102.349998,100.5,97.711683,70902400
AAPL,22/09/2014,101.800003,102.139999,100.580002,97.808464,52788400
AAPL,23/09/2014,100.599998,102.940002,100.540001,99.33763,63402200
AAPL,24/09/2014,102.160004,102.849998,101.199997,98.476266,60171800
AAPL,25/09/2014,100.510002,100.709999,97.720001,94.721105,100092000
AAPL,26/09/2014,98.529999,100.75,98.400002,97.50844,62370500
AAPL,29/09/2014,98.650002,100.440002,98.629997,96.889032,49766300
AAPL,30/09/2014,100.809998,101.540001,100.529999,97.50844,55264100
AAPL,01/10/2014,100.589996,100.690002,98.699997,95.988954,51491300
AAPL,02/10/2014,99.269997,100.220001,98.040001,96.68579,47757800
AAPL,03/10/2014,99.440002,100.209999,99.040001,96.4148,43469600
AAPL,06/10/2014,99.949997,100.650002,99.419998,96.4148,37051200
AAPL,07/10/2014,99.43,100.120003,98.730003,95.572789,42094200
AAPL,08/10/2014,98.760002,101.110001,98.309998,97.556835,57404700
AAPL,09/10/2014,101.540001,102.379997,100.610001,97.76975,77376500
AAPL,10/10/2014,100.690002,102.029999,100.300003,97.489087,66331600
AAPL,13/10/2014,101.330002,101.779999,99.809998,96.598682,53583400
AAPL,14/10/2014,100.389999,100.519997,98.57,95.572789,63688600
AAPL,15/10/2014,97.970001,99.150002,95.18,94.401721,100933600
AAPL,16/10/2014,95.550003,97.720001,95.410004,93.162905,72154500
AAPL,17/10/2014,97.5,99,96.809998,94.527535,68179700
AAPL,20/10/2014,98.32,99.959999,98.220001,96.550295,77517300
AAPL,21/10/2014,103.019997,103.019997,101.269997,99.173102,94623900
AAPL,22/10/2014,102.839996,104.110001,102.599998,99.676368,68263100
AAPL,23/10/2014,104.080002,105.050003,103.629997,101.457171,71074700
AAPL,24/10/2014,105.18,105.489998,104.529999,101.834622,47053900
AAPL,27/10/2014,104.849998,105.480003,104.699997,101.728161,34187700
AAPL,28/10/2014,105.400002,106.739998,105.349998,103.305714,48060900
AAPL,29/10/2014,106.650002,107.370003,106.360001,103.886408,52687900
AAPL,30/10/2014,106.959999,107.349998,105.900002,103.537998,40654800
AAPL,31/10/2014,108.010002,108.040001,107.209999,104.525177,44639300
AAPL,03/11/2014,108.220001,110.300003,108.010002,105.880134,52282600
AAPL,04/11/2014,109.360001,109.489998,107.720001,105.105871,41574400
AAPL,05/11/2014,109.099998,109.300003,108.129997,105.357507,37435900
AAPL,06/11/2014,108.599998,108.790001,107.800003,105.658833,34968500
AAPL,07/11/2014,108.75,109.32,108.550003,105.960165,33691500
AAPL,10/11/2014,109.019997,109.330002,108.669998,105.785201,27195500
AAPL,11/11/2014,108.699997,109.75,108.400002,106.630856,27442300
AAPL,12/11/2014,109.379997,111.43,109.370003,108.137494,46942400
AAPL,13/11/2014,111.800003,113.449997,111.599998,109.663568,59522900
AAPL,14/11/2014,113.150002,114.190002,111.209999,110.98552,44063600
AAPL,17/11/2014,114.269997,117.279999,113.300003,110.800833,46746700
AAPL,18/11/2014,113.940002,115.690002,113.889999,112.239429,44224000
AAPL,19/11/2014,115.440002,115.739998,113.800003,111.461808,41869200
AAPL,20/11/2014,114.910004,116.860001,114.849998,113.055925,43395500
AAPL,21/11/2014,117.510002,117.57,116.029999,113.211452,57179300
AAPL,24/11/2014,116.849998,118.769997,116.620003,115.311016,47450800
AAPL,25/11/2014,119.07,119.75,117.449997,114.309834,68840400
AAPL,26/11/2014,117.940002,119.099998,117.830002,115.670667,40768300
AAPL,28/11/2014,119.269997,119.400002,118.050003,115.602626,24814400
AAPL,01/12/2014,118.809998,119.25,111.269997,111.850619,83814000
AAPL,02/12/2014,113.5,115.75,112.75,111.422927,59348900
AAPL,03/12/2014,115.75,116.349998,115.110001,112.686559,43063400
AAPL,04/12/2014,115.769997,117.199997,115.290001,112.258867,42044500
AAPL,05/12/2014,115.989998,116.080002,114.639999,111.782578,38318900
AAPL,08/12/2014,114.099998,114.650002,111.620003,109.255321,57664900
AAPL,09/12/2014,110.190002,114.300003,109.349998,110.927201,60208000
AAPL,10/12/2014,114.410004,114.849998,111.540001,108.817906,44565300
AAPL,11/12/2014,112.260002,113.800003,111.339996,108.497145,41401700
AAPL,12/12/2014,110.459999,111.870003,109.580002,106.660023,56028100
AAPL,15/12/2014,110.699997,111.599998,106.349998,105.201989,67218100
AAPL,16/12/2014,106.370003,110.160004,106.260002,103.763393,60790700
AAPL,17/12/2014,107.120003,109.839996,106.82,106.348976,53411800
AAPL,18/12/2014,111.870003,112.650002,110.660004,109.498326,59006200
AAPL,19/12/2014,112.260002,113.239998,111.660004,108.652664,88429800
AAPL,22/12/2014,112.160004,113.489998,111.970001,109.780214,45167500
AAPL,23/12/2014,113.230003,113.330002,112.459999,109.391403,26028400
AAPL,24/12/2014,112.580002,112.709999,112.010002,108.876233,14479600
AAPL,26/12/2014,112.099998,114.519997,112.010002,110.800833,33721000
AAPL,29/12/2014,113.790001,114.769997,113.699997,110.723077,27598900
AAPL,30/12/2014,113.639999,113.919998,112.110001,109.371959,29881500
AAPL,31/12/2014,112.82,113.129997,110.209999,107.291831,41403400
AAPL,02/01/2015,111.389999,111.440002,107.349998,106.271212,53204600
AAPL,05/01/2015,108.290001,108.650002,105.410004,103.277382,64285500
AAPL,06/01/2015,106.540001,107.43,104.629997,103.287104,65797100
AAPL,07/01/2015,107.199997,108.199997,106.699997,104.735415,40105900
AAPL,08/01/2015,109.230003,112.150002,108.699997,108.759587,59364500
AAPL,09/01/2015,112.669998,113.25,110.209999,108.876233,53699500
AAPL,12/01/2015,112.599998,112.629997,108.800003,106.193449,49650800
AAPL,13/01/2015,111.43,112.800003,108.910004,107.136312,67091900
AAPL,14/01/2015,109.040001,110.489998,108.5,106.728064,48337000
AAPL,15/01/2015,110,110.059998,106.660004,103.831434,60014000
AAPL,16/01/2015,107.029999,107.580002,105.199997,103.024654,78513300
AAPL,20/01/2015,107.839996,108.970001,106.5,105.678278,49899900
AAPL,21/01/2015,108.949997,111.059998,108.269997,106.485058,48575900
AAPL,22/01/2015,110.260002,112.470001,109.720001,109.255321,53796400
AAPL,23/01/2015,112.300003,113.75,111.529999,109.819096,46464800
AAPL,26/01/2015,113.739998,114.360001,112.800003,109.935734,55615000
AAPL,27/01/2015,112.419998,112.480003,109.029999,106.086526,95568700
AAPL,28/01/2015,117.629997,118.120003,115.309998,112.083902,146477100
AAPL,29/01/2015,116.32,119.190002,115.559998,115.573467,84436400
AAPL,30/01/2015,118.400002,120,116.849998,113.88215,83745500
AAPL,02/02/2015,118.050003,119.169998,116.080002,115.311016,62739100
AAPL,03/02/2015,118.5,119.089996,117.610001,115.330461,51915700
AAPL,04/02/2015,118.5,120.510002,118.309998,116.214997,70149700
AAPL,05/02/2015,120.019997,120.230003,119.25,117.044479,42246200
AAPL,06/02/2015,120.019997,120.25,118.449997,116.05886,43706600
AAPL,09/02/2015,118.550003,119.839996,118.43,116.829789,38889800
AAPL,10/02/2015,120.169998,122.150002,120.160004,119.074259,62008500
AAPL,11/02/2015,122.769997,124.919998,122.5,121.865215,73561800
AAPL,12/02/2015,126.059998,127.480003,125.57,123.407074,74474500
AAPL,13/02/2015,127.279999,127.279999,125.650002,124.012109,54272200
AAPL,17/02/2015,127.489998,128.880005,126.919998,124.744003,63152400
AAPL,18/02/2015,127.629997,128.779999,127.449997,125.612516,44891700
AAPL,19/02/2015,128.479996,129.029999,128.330002,125.34903,37362400
AAPL,20/02/2015,128.619995,129.5,128.050003,126.373685,48948400
AAPL,23/02/2015,130.020004,133,129.660004,129.78919,70974100
AAPL,24/02/2015,132.940002,133.600006,131.169998,128.979225,69228100
AAPL,25/02/2015,131.559998,131.600006,128.149994,125.680819,74711700
AAPL,26/02/2015,128.789993,130.869995,126.610001,127.271473,91287500
AAPL,27/02/2015,130,130.570007,128.240005,125.358798,62014800
AAPL,02/03/2015,129.25,130.279999,128.300003,125.973579,48096700
AAPL,03/03/2015,128.960007,129.520004,128.089996,126.237065,37816300
AAPL,04/03/2015,129.100006,129.559998,128.320007,125.436854,31666300
AAPL,05/03/2015,128.580002,128.75,125.760002,123.358285,56517100
AAPL,06/03/2015,128.399994,129.369995,126.260002,123.543693,72842100
AAPL,09/03/2015,127.959999,129.570007,125.059998,124.070658,88528500
AAPL,10/03/2015,126.410004,127.220001,123.800003,121.504153,68856600
AAPL,11/03/2015,124.75,124.769997,122.110001,119.288949,68939000
AAPL,12/03/2015,122.309998,124.900002,121.629997,121.445596,48362700
AAPL,13/03/2015,124.400002,125.400002,122.580002,120.606357,51827300
AAPL,16/03/2015,123.879997,124.949997,122.870003,121.933525,35874300
AAPL,17/03/2015,125.900002,127.32,125.650002,123.973074,51023100
AAPL,18/03/2015,127,129.160004,126.370003,125.368552,65270900
AAPL,19/03/2015,128.75,129.25,127.400002,124.421968,45809500
AAPL,20/03/2015,128.25,128.399994,125.160004,122.860595,68695100
AAPL,23/03/2015,127.120003,127.849998,126.519997,124.138968,37709700
AAPL,24/03/2015,127.230003,128.039993,126.559998,123.631525,32842300
AAPL,25/03/2015,126.540001,126.82,123.379997,120.401428,51655200
AAPL,26/03/2015,122.760002,124.879997,122.599998,121.240667,47572900
AAPL,27/03/2015,124.57,124.699997,122.910004,120.274569,39546200
AAPL,30/03/2015,124.050003,126.400002,124,123.31925,47099700
AAPL,31/03/2015,126.089996,126.489998,124.360001,121.426082,42090600
AAPL,01/04/2015,124.82,125.120003,123.099998,121.250427,40621400
AAPL,02/04/2015,125.029999,125.559998,124.190002,122.294596,32220100
AAPL,06/04/2015,124.470001,127.510002,124.330002,124.275587,37194000
AAPL,07/04/2015,127.639999,128.119995,125.980003,122.96794,35012300
AAPL,08/04/2015,125.849998,126.400002,124.970001,122.567835,37329200
AAPL,09/04/2015,125.849998,126.580002,124.660004,123.504658,32484000
AAPL,10/04/2015,125.949997,127.209999,125.260002,124.031623,40188000
AAPL,13/04/2015,128.369995,128.570007,126.610001,123.787658,36365100
AAPL,14/04/2015,127,127.290001,125.910004,123.25094,25524600
AAPL,15/04/2015,126.410004,127.129997,126.010002,123.719348,28970400
AAPL,16/04/2015,126.279999,127.099998,126.110001,123.124074,28369000
AAPL,17/04/2015,125.550003,126.139999,124.459999,121.738357,51957000
AAPL,20/04/2015,125.57,128.119995,125.169998,124.519552,47054300
AAPL,21/04/2015,128.100006,128.199997,126.669998,123.846215,32435100
AAPL,22/04/2015,126.989998,128.869995,126.32,125.514924,37654500
AAPL,23/04/2015,128.300003,130.419998,128.139999,126.539579,45770900
AAPL,24/04/2015,130.490005,130.630005,129.229996,127.134853,44525900
AAPL,27/04/2015,132.309998,133.130005,131.149994,129.447633,96954200
AAPL,28/04/2015,134.460007,134.539993,129.570007,127.408092,118924000
AAPL,29/04/2015,130.160004,131.589996,128.300003,125.534446,63386100
AAPL,30/04/2015,128.639999,128.639999,124.580002,122.128701,83195400
AAPL,01/05/2015,126.099998,130.130005,125.300003,125.83696,58512600
AAPL,04/05/2015,129.5,130.570007,128.259995,125.592995,50988300
AAPL,05/05/2015,128.149994,128.449997,125.779999,122.763011,49271400
AAPL,06/05/2015,126.559998,126.75,123.360001,121.992082,72141000
AAPL,07/05/2015,124.769997,126.080002,124.019997,122.746637,43940900
AAPL,08/05/2015,126.68,127.620003,126.110001,125.059283,55550400
AAPL,11/05/2015,127.389999,127.559998,125.629997,123.785365,42035800
AAPL,12/05/2015,125.599998,126.879997,124.82,123.344397,48160000
AAPL,13/05/2015,126.150002,127.190002,125.870003,123.481588,34694200
AAPL,14/05/2015,127.410004,128.949997,127.160004,126.362591,45203500
AAPL,15/05/2015,129.070007,129.490005,128.210007,126.18621,38208000
AAPL,18/05/2015,128.380005,130.720001,128.360001,127.577716,50882900
AAPL,19/05/2015,130.690002,130.880005,129.639999,127.460128,44633200
AAPL,20/05/2015,130,130.979996,129.339996,127.450319,36454900
AAPL,21/05/2015,130.070007,131.630005,129.830002,128.753634,39730400
AAPL,22/05/2015,131.600006,132.970001,131.399994,129.880553,45596000
AAPL,26/05/2015,132.600006,132.910004,129.119995,127.019145,70697600
AAPL,27/05/2015,130.339996,132.259995,130.050003,129.390586,45833200
AAPL,28/05/2015,131.860001,131.949997,131.100006,129.135808,30733300
AAPL,29/05/2015,131.229996,131.449997,129.899994,127.665906,50884500
AAPL,01/06/2015,130.279999,131.389999,130.050003,127.920684,32112800
AAPL,02/06/2015,129.860001,130.660004,129.320007,127.352335,33667600
AAPL,03/06/2015,130.660004,130.940002,129.899994,127.509113,30889400
AAPL,04/06/2015,129.580002,130.580002,128.910004,126.764368,38450100
AAPL,05/06/2015,129.5,129.690002,128.360001,126.068608,35626800
AAPL,08/06/2015,128.899994,129.210007,126.830002,125.235672,52674800
AAPL,09/06/2015,126.699997,128.080002,125.620003,124.863292,56075400
AAPL,10/06/2015,127.919998,129.339996,127.849998,126.294003,39087300
AAPL,11/06/2015,129.179993,130.179993,128.479996,126.009814,35390900
AAPL,12/06/2015,128.190002,128.330002,127.110001,124.618308,36886200
AAPL,15/06/2015,126.099998,127.239998,125.709999,124.373324,43988900
AAPL,16/06/2015,127.029999,127.849998,126.370003,125.03968,31494100
AAPL,17/06/2015,127.720001,127.879997,126.739998,124.745705,32918100
AAPL,18/06/2015,127.230003,128.309998,127.220001,125.314061,35407200
AAPL,19/06/2015,127.709999,127.82,126.400002,124.059746,54716900
AAPL,22/06/2015,127.489998,128.059998,127.080002,125.049482,34039300
AAPL,23/06/2015,127.480003,127.610001,126.879997,124.481118,30268900
AAPL,24/06/2015,127.209999,129.800003,127.120003,125.539449,55280900
AAPL,25/06/2015,128.860001,129.199997,127.5,124.941688,31938100
AAPL,26/06/2015,127.669998,127.989998,126.510002,124.206737,44066800
AAPL,29/06/2015,125.459999,126.470001,124.480003,122.031281,49161400
AAPL,30/06/2015,125.57,126.120003,124.860001,122.913224,44370700
AAPL,01/07/2015,126.900002,126.940002,125.989998,124.059746,30238800
AAPL,02/07/2015,126.43,126.690002,125.769997,123.90296,27211000
AAPL,06/07/2015,124.940002,126.230003,124.849998,123.471786,28060400
AAPL,07/07/2015,125.889999,126.150002,123.769997,123.168009,46946800
AAPL,08/07/2015,124.480003,124.639999,122.540001,120.11061,60761600
AAPL,09/07/2015,123.849998,124.059998,119.220001,117.660773,77821600
AAPL,10/07/2015,121.940002,123.849998,121.209999,120.806362,61354500
AAPL,13/07/2015,125.029999,125.760002,124.32,123.138612,41440500
AAPL,14/07/2015,126.040001,126.370003,125.040001,123.089612,31768100
AAPL,15/07/2015,125.720001,127.150002,125.580002,124.275333,33649200
AAPL,16/07/2015,127.739998,128.570007,127.349998,125.931417,36222400
AAPL,17/07/2015,129.080002,129.619995,128.309998,127.019145,46164700
AAPL,20/07/2015,130.970001,132.970001,130.699997,129.419998,58900200
AAPL,21/07/2015,132.850006,132.919998,130.320007,128.126477,76756400
AAPL,22/07/2015,121.989998,125.5,121.989998,122.707438,115450600
AAPL,23/07/2015,126.199997,127.089996,125.059998,122.648645,50999500
AAPL,24/07/2015,125.32,125.739998,123.900002,122.001884,42162300
AAPL,27/07/2015,123.089996,123.610001,122.120003,120.306594,44455500
AAPL,28/07/2015,123.379997,123.910004,122.550003,120.904354,33618100
AAPL,29/07/2015,123.150002,123.5,122.269997,120.52218,37011700
AAPL,30/07/2015,122.32,122.57,121.709999,119.914626,33628300
AAPL,31/07/2015,122.599998,122.639999,120.910004,118.866096,42885000
AAPL,03/08/2015,121.5,122.57,117.519997,116.063481,69976000
AAPL,04/08/2015,117.419998,117.699997,113.25,112.339726,124138600
AAPL,05/08/2015,112.949997,117.440002,112.099998,113.084479,99312600
AAPL,06/08/2015,115.970001,116.5,114.120003,113.330563,52903000
AAPL,07/08/2015,114.580002,116.25,114.5,113.714467,38670400
AAPL,10/08/2015,116.529999,119.989998,116.529999,117.848827,54951600
AAPL,11/08/2015,117.809998,118.18,113.330002,111.716196,97082800
AAPL,12/08/2015,112.529999,115.419998,109.629997,113.438844,101217500
AAPL,13/08/2015,116.040001,116.400002,114.540001,113.350254,48535800
AAPL,14/08/2015,114.32,116.309998,114.010002,114.147592,42929500
AAPL,17/08/2015,116.040001,117.650002,115.5,115.328841,40884700
AAPL,18/08/2015,116.43,117.440002,116.010002,114.679153,34560700
AAPL,19/08/2015,116.099998,116.519997,114.68,113.212443,47445700
AAPL,20/08/2015,114.080002,114.349998,111.629997,110.889328,68501600
AAPL,21/08/2015,110.43,111.900002,105.650002,104.107017,128275500
AAPL,24/08/2015,94.870003,108.800003,92,101.508279,162206300
AAPL,25/08/2015,111.110001,111.110001,103.5,102.118584,103601600
AAPL,26/08/2015,107.089996,109.889999,105.050003,107.975593,96774600
AAPL,27/08/2015,112.230003,113.239998,110.019997,111.155105,84616100
AAPL,28/08/2015,112.169998,113.309998,111.540001,111.519325,53164400
AAPL,31/08/2015,112.029999,114.529999,112,110.99761,56229300
AAPL,01/09/2015,110.150002,111.879997,107.360001,106.036382,76845900
AAPL,02/09/2015,110.230003,112.339996,109.129997,110.584168,61888800
AAPL,03/09/2015,112.489998,112.779999,110.040001,108.644965,53233900
AAPL,04/09/2015,108.970001,110.449997,108.510002,107.562151,49996300
AAPL,08/09/2015,111.75,112.559998,110.32,110.554638,54843600
AAPL,09/09/2015,113.760002,114.019997,109.769997,108.428402,85010800
AAPL,10/09/2015,110.269997,113.279999,109.900002,110.810577,62892800
AAPL,11/09/2015,111.790001,114.209999,111.760002,112.424944,49915500
AAPL,14/09/2015,116.580002,116.889999,114.860001,113.50775,58363400
AAPL,15/09/2015,115.93,116.529999,114.419998,114.46259,43341200
AAPL,16/09/2015,116.25,116.540001,115.440002,114.590563,37173500
AAPL,17/09/2015,115.660004,116.489998,113.720001,112.139475,64112600
AAPL,18/09/2015,112.209999,114.300003,111.870003,111.67682,74285300
AAPL,21/09/2015,113.669998,115.370003,113.660004,113.409314,50222000
AAPL,22/09/2015,113.379997,114.18,112.519997,111.627606,50346200
AAPL,23/09/2015,113.629997,114.720001,113.300003,112.533225,35756700
AAPL,24/09/2015,113.25,115.5,112.370003,113.202597,50219500
AAPL,25/09/2015,116.440002,116.690002,114.019997,112.917129,56151900
AAPL,28/09/2015,113.849998,114.57,112.440002,110.682611,52109000
AAPL,29/09/2015,112.830002,113.510002,107.860001,107.355435,73365400
AAPL,30/09/2015,110.169998,111.540001,108.730003,108.576059,66473000
AAPL,01/10/2015,109.07,109.620003,107.309998,107.867311,63929100
AAPL,02/10/2015,108.010002,111.010002,107.550003,108.654803,58019800
AAPL,05/10/2015,109.879997,111.370003,109.07,109.048553,52064700
AAPL,06/10/2015,110.629997,111.739998,109.769997,109.570268,48857000
AAPL,07/10/2015,111.739998,111.769997,109.410004,109.048553,46765600
AAPL,08/10/2015,110.190002,110.190002,108.209999,107.78856,61979600
AAPL,09/10/2015,110,112.279999,109.489998,110.367613,52766100
AAPL,12/10/2015,112.730003,112.75,111.440002,109.855736,30467200
AAPL,13/10/2015,110.82,112.449997,110.68,110.042769,33049300
AAPL,14/10/2015,111.290001,111.519997,109.559998,108.487462,44462400
AAPL,15/10/2015,110.93,112.099998,110.489998,110.111675,37673500
AAPL,16/10/2015,111.779999,112,110.529999,109.304491,38236300
AAPL,19/10/2015,110.800003,111.75,110.110001,109.983709,29759200
AAPL,20/10/2015,111.339996,114.169998,110.82,111.991818,48967800
AAPL,21/10/2015,114,115.580002,113.699997,111.98198,41795200
AAPL,22/10/2015,114.330002,115.5,114.099998,113.694782,41654100
AAPL,23/10/2015,116.699997,119.230003,116.330002,117.21883,59366900
AAPL,26/10/2015,118.080002,118.129997,114.919998,113.47822,66333800
AAPL,27/10/2015,115.400002,116.540001,113.989998,112.759634,69884400
AAPL,28/10/2015,116.93,119.300003,116.059998,117.405856,85551400
AAPL,29/10/2015,118.699997,120.690002,118.269997,118.646164,51227300
AAPL,30/10/2015,120.989998,121.220001,119.449997,117.632264,49365300
AAPL,02/11/2015,120.800003,121.360001,119.610001,119.286007,32203300
AAPL,03/11/2015,120.790001,123.489998,120.699997,120.654281,45519000
AAPL,04/11/2015,123.129997,123.82,121.620003,120.09319,44886100
AAPL,05/11/2015,121.849998,122.690002,120.18,119.539588,39552700
AAPL,06/11/2015,121.110001,121.809998,120.620003,119.677989,33042300
AAPL,09/11/2015,120.959999,121.809998,120.050003,119.193585,33871400
AAPL,10/11/2015,116.900002,118.07,116.059998,115.436962,59127900
AAPL,11/11/2015,116.370003,117.419998,115.209999,114.784501,45218000
AAPL,12/11/2015,116.260002,116.82,115.650002,114.398953,32525600
AAPL,13/11/2015,115.199997,115.57,112.269997,111.057534,45812400
AAPL,16/11/2015,111.379997,114.239998,111,112.876533,38106700
AAPL,17/11/2015,114.919998,115.050003,113.32,112.392129,27616900
AAPL,18/11/2015,115.760002,117.489998,115.5,115.95103,46674700
AAPL,19/11/2015,117.639999,119.75,116.760002,117.424018,43295800
AAPL,20/11/2015,119.199997,119.919998,118.849998,117.938086,34287100
AAPL,23/11/2015,119.269997,119.730003,117.339996,116.405778,32482500
AAPL,24/11/2015,117.330002,119.349998,117.120003,117.522875,42803200
AAPL,25/11/2015,119.209999,119.230003,117.919998,116.68258,21388300
AAPL,27/11/2015,118.290001,118.410004,117.599998,116.465091,13046400
AAPL,30/11/2015,117.989998,119.410004,117.75,116.949502,39180300
AAPL,01/12/2015,118.75,118.809998,116.860001,116.000455,34852400
AAPL,02/12/2015,117.339996,118.110001,116.080002,114.952558,33386600
AAPL,03/12/2015,116.550003,116.790001,114.220001,113.884885,41569500
AAPL,04/12/2015,115.290001,119.25,115.110001,117.671164,57777000
AAPL,07/12/2015,118.980003,119.860001,117.809998,116.929726,32084200
AAPL,08/12/2015,117.519997,118.599998,116.860001,116.880302,34309500
AAPL,09/12/2015,117.639999,117.690002,115.080002,114.300096,46361400
AAPL,10/12/2015,116.040001,116.940002,115.510002,114.843813,29212700
AAPL,11/12/2015,115.190002,115.389999,112.849998,111.887949,46886200
AAPL,14/12/2015,112.18,112.68,109.790001,111.195943,64318700
AAPL,15/12/2015,111.940002,112.800003,110.349998,109.228655,52978100
AAPL,16/12/2015,111.07,111.989998,108.800003,110.06895,56238500
AAPL,17/12/2015,112.019997,112.25,108.980003,107.735899,44772800
AAPL,18/12/2015,108.910004,109.519997,105.809998,104.819571,96453300
AAPL,21/12/2015,107.279999,107.370003,105.57,106.104733,47590600
AAPL,22/12/2015,107.400002,107.720001,106.449997,106.005876,32789400
AAPL,23/12/2015,107.269997,108.849998,107.199997,107.37012,32657400
AAPL,24/12/2015,109,109,107.949997,106.796739,13596700
AAPL,28/12/2015,107.589996,107.690002,106.18,105.600553,26704200
AAPL,29/12/2015,106.959999,109.43,106.860001,107.498633,30931200
AAPL,30/12/2015,108.580002,108.699997,107.18,106.094845,25213800
AAPL,31/12/2015,107.010002,107.029999,104.82,104.058365,40912300
AAPL,04/01/2016,102.610001,105.370003,102,104.147334,67649400
AAPL,05/01/2016,105.75,105.849998,102.410004,101.537472,55791000
AAPL,06/01/2016,100.559998,102.370003,99.870003,99.550416,68457400
AAPL,07/01/2016,98.68,100.129997,96.43,95.348934,81094400
AAPL,08/01/2016,98.550003,99.110001,96.760002,95.853114,70798000
AAPL,11/01/2016,98.970001,99.059998,97.339996,97.40519,49739400
AAPL,12/01/2016,100.550003,100.690002,98.839996,98.818866,49154200
AAPL,13/01/2016,100.32,101.190002,97.300003,96.278205,62439600
AAPL,14/01/2016,97.959999,100.480003,95.739998,98.383886,63170100
AAPL,15/01/2016,96.199997,97.709999,95.360001,96.021171,79833900
AAPL,19/01/2016,98.410004,98.650002,95.5,95.556543,53087700
AAPL,20/01/2016,95.099998,98.190002,93.419998,95.685056,72334400
AAPL,21/01/2016,97.059998,97.879997,94.940002,95.200652,52161500
AAPL,22/01/2016,98.629997,101.459999,98.370003,100.262198,65800500
AAPL,25/01/2016,101.519997,101.529999,99.209999,98.304805,51794500
AAPL,26/01/2016,99.93,100.879997,98.07,98.848522,75077000
AAPL,27/01/2016,96.040001,96.629997,93.339996,92.353525,133369700
AAPL,28/01/2016,93.790001,94.519997,92.389999,93.015874,55678800
AAPL,29/01/2016,94.790001,97.339996,94.349998,96.228773,64416500
AAPL,01/02/2016,96.470001,96.709999,95.400002,95.329165,40943500
AAPL,02/02/2016,95.419998,96.040001,94.279999,93.401429,37357200
AAPL,03/02/2016,95,96.839996,94.080002,95.250077,45964300
AAPL,04/02/2016,95.860001,97.330002,95.190002,96.015414,46471700
AAPL,05/02/2016,96.519997,96.919998,93.690002,93.451025,46418100
AAPL,08/02/2016,93.129997,95.699997,93.040001,94.43504,54021400
AAPL,09/02/2016,94.290001,95.940002,93.93,94.415156,44331200
AAPL,10/02/2016,95.919998,96.349998,94.099998,93.699512,42343600
AAPL,11/02/2016,93.790001,94.720001,92.589996,93.132962,50074700
AAPL,12/02/2016,94.190002,94.5,93.010002,93.421208,40351400
AAPL,16/02/2016,95.019997,96.849998,94.610001,96.055173,49057900
AAPL,17/02/2016,96.669998,98.209999,96.150002,97.52622,44863200
AAPL,18/02/2016,98.839996,98.889999,96.089996,95.677475,39021000
AAPL,19/02/2016,96,96.760002,95.800003,95.458805,35374200
AAPL,22/02/2016,96.309998,96.900002,95.919998,96.293718,34280800
AAPL,23/02/2016,96.400002,96.5,94.550003,94.116976,31942600
AAPL,24/02/2016,93.980003,96.379997,93.32,95.51844,36255700
AAPL,25/02/2016,96.050003,96.760002,95.25,96.174449,27582700
AAPL,26/02/2016,97.199997,98.019997,96.580002,96.323543,28991100
AAPL,29/02/2016,96.860001,98.230003,96.650002,96.104873,35216300
AAPL,01/03/2016,97.650002,100.769997,97.419998,99.921631,50407100
AAPL,02/03/2016,100.510002,100.889999,99.639999,100.140301,33169600
AAPL,03/03/2016,100.580002,101.709999,100.449997,100.885763,36955700
AAPL,04/03/2016,102.370003,103.75,101.370003,102.386627,46055100
AAPL,07/03/2016,102.389999,102.830002,100.959999,101.253526,35828900
AAPL,08/03/2016,100.779999,101.760002,100.400002,100.418606,31561900
AAPL,09/03/2016,101.309998,101.580002,100.269997,100.508065,27201700
AAPL,10/03/2016,101.410004,102.239998,100.150002,100.557758,33513600
AAPL,11/03/2016,102.239998,102.279999,101.5,101.641166,27408200
AAPL,14/03/2016,101.910004,102.910004,101.779999,101.899587,25076100
AAPL,15/03/2016,103.959999,105.18,103.849998,103.947125,40067700
AAPL,16/03/2016,104.610001,106.309998,104.589996,105.328713,38303500
AAPL,17/03/2016,105.519997,106.470001,104.959999,105.159744,34420700
AAPL,18/03/2016,106.339996,106.5,105.190002,105.279013,44205200
AAPL,21/03/2016,105.93,107.650002,105.139999,105.269079,35502700
AAPL,22/03/2016,105.25,107.290001,105.209999,106.074174,32444400
AAPL,23/03/2016,106.480003,107.07,105.900002,105.487741,25703500
AAPL,24/03/2016,105.470001,106.25,104.889999,105.030526,26133000
AAPL,28/03/2016,106,106.190002,105.059998,104.553435,19411400
AAPL,29/03/2016,104.889999,107.790001,104.879997,107.028364,31190100
AAPL,30/03/2016,108.650002,110.419998,108.599998,108.896984,45601100
AAPL,31/03/2016,109.720001,109.900002,108.879997,108.330434,25888400
AAPL,01/04/2016,108.779999,110,108.199997,109.324382,25874000
AAPL,04/04/2016,110.419998,112.190002,110.269997,110.447549,37356200
AAPL,05/04/2016,109.510002,110.730003,109.419998,109.145471,26578700
AAPL,06/04/2016,110.230003,110.980003,109.199997,110.288514,26404100
AAPL,07/04/2016,109.949997,110.419998,108.120003,107.88316,31801900
AAPL,08/04/2016,108.910004,109.769997,108.169998,108.002437,23581700
AAPL,11/04/2016,108.970001,110.610001,108.830002,108.360251,29407500
AAPL,12/04/2016,109.339996,110.5,108.660004,109.771664,27232300
AAPL,13/04/2016,110.800003,112.339996,110.800003,111.36198,33257300
AAPL,14/04/2016,111.620003,112.389999,111.330002,111.421614,25473900
AAPL,15/04/2016,112.110001,112.300003,109.730003,109.18523,46939000
AAPL,18/04/2016,108.889999,108.949997,106.940002,106.829577,60821500
AAPL,19/04/2016,107.879997,108,106.230003,106.263027,32384900
AAPL,20/04/2016,106.639999,108.089996,106.059998,106.481689,30611000
AAPL,21/04/2016,106.93,106.93,105.519997,105.328713,31552500
AAPL,22/04/2016,105.010002,106.480003,104.620003,105.040467,33683100
AAPL,25/04/2016,105,105.650002,104.510002,104.4441,28031600
AAPL,26/04/2016,103.910004,105.300003,103.910004,103.718514,56016200
AAPL,27/04/2016,96,98.709999,95.68,97.228032,114602100
AAPL,28/04/2016,97.610001,97.879997,94.25,94.256129,82242700
AAPL,29/04/2016,93.989998,94.720001,92.510002,93.172721,68531500
AAPL,02/05/2016,93.970001,94.080002,92.400002,93.073328,48160100
AAPL,03/05/2016,94.199997,95.739998,93.68,94.604009,56831300
AAPL,04/05/2016,95.199997,95.900002,93.82,93.620002,41025500
AAPL,05/05/2016,94,94.07,92.68,93.239998,35890500
AAPL,06/05/2016,93.370003,93.449997,91.849998,92.720001,43458200
AAPL,09/05/2016,93,93.769997,92.589996,92.790001,32855300
AAPL,10/05/2016,93.330002,93.57,92.110001,93.419998,33592500
AAPL,11/05/2016,93.480003,93.57,92.459999,92.510002,28539900
AAPL,12/05/2016,92.720001,92.779999,89.470001,90.339996,76109800
AAPL,13/05/2016,90,91.669998,90,90.519997,44188200
AAPL,16/05/2016,92.389999,94.389999,91.650002,93.879997,61140600
AAPL,17/05/2016,94.550003,94.699997,93.010002,93.489998,46507400
AAPL,18/05/2016,94.160004,95.209999,93.889999,94.559998,41923100
AAPL,19/05/2016,94.639999,94.639999,93.57,94.199997,30342700
AAPL,20/05/2016,94.639999,95.43,94.519997,95.220001,31804600
AAPL,23/05/2016,95.870003,97.190002,95.669998,96.43,37860500
AAPL,24/05/2016,97.220001,98.089996,96.839996,97.900002,35036800
AAPL,25/05/2016,98.669998,99.739998,98.110001,99.620003,38168800
AAPL,26/05/2016,99.68,100.730003,98.639999,100.410004,56093400
AAPL,27/05/2016,99.440002,100.470001,99.25,100.349998,36229500
AAPL,31/05/2016,99.599998,100.400002,98.82,99.860001,42084800
AAPL,01/06/2016,99.019997,99.540001,98.330002,98.459999,29113400
AAPL,02/06/2016,97.599998,97.839996,96.629997,97.720001,40004100
AAPL,03/06/2016,97.790001,98.269997,97.449997,97.919998,28062900
AAPL,06/06/2016,97.989998,101.889999,97.550003,98.629997,23242200
AAPL,07/06/2016,99.25,99.870003,98.959999,99.029999,22366400
AAPL,08/06/2016,99.019997,99.559998,98.68,98.940002,20812700
AAPL,09/06/2016,98.5,99.989998,98.459999,99.650002,26419600
AAPL,10/06/2016,98.529999,99.349998,98.480003,98.830002,31462100
AAPL,13/06/2016,98.690002,99.120003,97.099998,97.339996,37612900
AAPL,14/06/2016,97.32,98.480003,96.75,97.459999,31870300
AAPL,15/06/2016,97.82,98.410004,97.029999,97.139999,29254300
AAPL,15/06/2016,97.82,98.410004,97.029999,97.139999,29445200
AAPL,16/06/2016,96.449997,97.75,96.07,97.550003,31236300
AAPL,17/06/2016,96.620003,96.650002,95.300003,95.330002,60595000
AAPL,20/06/2016,96,96.57,95.029999,95.099998,33942300
AAPL,21/06/2016,94.940002,96.349998,94.68,95.910004,35229500
AAPL,22/06/2016,96.25,96.889999,95.349998,95.550003,28971100
AAPL,23/06/2016,95.940002,96.290001,95.25,96.099998,31863500
AAPL,24/06/2016,92.910004,94.660004,92.650002,93.400002,72894000
AAPL,27/06/2016,93,93.050003,91.5,92.040001,45489600
AAPL,28/06/2016,92.900002,93.660004,92.139999,93.589996,39311500
AAPL,29/06/2016,93.970001,94.550003,93.629997,94.400002,36427800
AAPL,30/06/2016,94.440002,95.769997,94.300003,95.599998,35119400
AAPL,01/07/2016,95.489998,96.470001,95.330002,95.889999,25872300
AAPL,05/07/2016,95.389999,95.400002,94.459999,95.040001,27257000
AAPL,06/07/2016,94.599998,95.660004,94.370003,95.529999,30770700
AAPL,07/07/2016,95.699997,96.5,95.620003,95.940002,24280900
AAPL,08/07/2016,96.489998,96.889999,96.050003,96.68,28855800
MSFT,02/01/2014,37.349998,37.400002,37.099998,34.717175,30632200
MSFT,03/01/2014,37.200001,37.220001,36.599998,34.483609,31134800
MSFT,06/01/2014,36.849998,36.889999,36.110001,33.754886,43603700
MSFT,07/01/2014,36.330002,36.490002,36.209999,34.016478,35802800
MSFT,08/01/2014,36,36.139999,35.580002,33.409207,59971700
MSFT,09/01/2014,35.880001,35.91,35.400002,33.194327,36516300
MSFT,10/01/2014,35.900002,36.150002,35.75,33.670803,40548800
MSFT,13/01/2014,35.990002,36.02,34.830002,32.680484,45901900
MSFT,14/01/2014,34.73,35.880001,34.630001,33.427892,41623300
MSFT,15/01/2014,35.900002,36.790001,35.849998,34.343469,44812600
MSFT,16/01/2014,36.689999,37,36.310001,34.464924,38018700
MSFT,17/01/2014,36.830002,36.830002,36.150002,33.988452,46267500
MSFT,21/01/2014,36.82,36.82,36.060001,33.792254,31567300
MSFT,22/01/2014,36.259998,36.32,35.75,33.568033,21904300
MSFT,23/01/2014,36.09,36.130001,35.52,33.689488,43954000
MSFT,24/01/2014,37.450001,37.549999,36.529999,34.390185,76395500
MSFT,27/01/2014,36.869999,36.889999,35.98,33.661458,44420800
MSFT,28/01/2014,36.119999,36.389999,35.75,33.885682,36205500
MSFT,29/01/2014,35.98,36.880001,35.900002,34.250044,52745900
MSFT,30/01/2014,36.790001,36.880001,36.23,34.436897,35036300
MSFT,31/01/2014,36.950001,37.889999,36.560001,35.352473,93162300
MSFT,03/02/2014,37.740002,37.990002,36.43,34.081877,64063100
MSFT,04/02/2014,36.970001,37.189999,36.25,33.960421,54697900
MSFT,05/02/2014,36.290001,36.470001,35.799999,33.465264,55814400
MSFT,06/02/2014,35.799999,36.25,35.689999,33.801599,35351800
MSFT,07/02/2014,36.32,36.59,36.009998,34.156619,33260500
MSFT,10/02/2014,36.630001,36.799999,36.290001,34.38084,26767000
MSFT,11/02/2014,36.880001,37.259998,36.860001,34.726516,32141400
MSFT,12/02/2014,37.349998,37.599998,37.299999,35.006797,27051800
MSFT,13/02/2014,37.330002,37.860001,37.330002,35.137594,37635500
MSFT,14/02/2014,37.389999,37.779999,37.330002,35.146935,31407500
MSFT,18/02/2014,37.630001,37.779999,37.41,35.222234,32834000
MSFT,19/02/2014,37.220001,37.75,37.209999,35.306949,29750400
MSFT,20/02/2014,37.57,37.869999,37.400002,35.532855,27526100
MSFT,21/02/2014,37.939999,38.349998,37.860001,35.749346,38021300
MSFT,24/02/2014,37.689999,37.98,37.540001,35.476377,32085100
MSFT,25/02/2014,37.610001,37.849998,37.349998,35.335189,30736500
MSFT,26/02/2014,37.580002,37.740002,37.189999,35.269301,41041800
MSFT,27/02/2014,37.450001,37.889999,37.23,35.636395,33903400
MSFT,28/02/2014,37.98,38.459999,37.82,36.059966,41215000
MSFT,03/03/2014,37.919998,38.130001,37.490002,35.561091,29717500
MSFT,04/03/2014,38.200001,38.48,38.07,36.154091,26802400
MSFT,05/03/2014,38.25,38.27,37.93,35.871711,20520100
MSFT,06/03/2014,38.139999,38.240002,37.889999,35.909363,23582200
MSFT,07/03/2014,38.279999,38.360001,37.689999,35.674046,26591600
MSFT,10/03/2014,37.990002,38.009998,37.720001,35.598743,19006600
MSFT,11/03/2014,37.869999,38.23,37.720001,35.786997,25216400
MSFT,12/03/2014,37.799999,38.43,37.790001,36.022314,30494100
MSFT,13/03/2014,38.419998,38.450001,37.639999,35.664631,32169700
MSFT,14/03/2014,37.650002,38.139999,37.509998,35.485792,27195600
MSFT,17/03/2014,37.900002,38.41,37.790001,35.815234,20479600
MSFT,18/03/2014,38.259998,39.900002,38.220001,37.227136,64063900
MSFT,19/03/2014,39.470001,39.549999,38.91,36.963582,35597200
MSFT,20/03/2014,39.25,40.650002,39.240002,37.961327,59269800
MSFT,21/03/2014,40.720001,40.939999,40.009998,37.801309,80721800
MSFT,24/03/2014,40.34,40.639999,39.860001,38.121341,46098400
MSFT,25/03/2014,40.66,40.990002,39.959999,37.970738,43193100
MSFT,26/03/2014,40.48,40.709999,39.599998,37.453041,41977500
MSFT,27/03/2014,39.740002,39.970001,39.34,37.048296,35369200
MSFT,28/03/2014,39.790001,40.639999,39.68,37.933086,43472700
MSFT,31/03/2014,40.43,41.5,40.400002,38.582563,46886300
MSFT,01/04/2014,41.150002,41.59,41.07,38.987305,32605000
MSFT,02/04/2014,41.439999,41.66,41.169998,38.921417,28666700
MSFT,03/04/2014,41.290001,41.290001,40.709999,38.601386,30139600
MSFT,04/04/2014,41.25,41.389999,39.639999,37.528341,51409600
MSFT,07/04/2014,39.959999,40.27,39.740002,37.462453,37559600
MSFT,08/04/2014,39.75,39.93,39.200001,37.481278,35918600
MSFT,09/04/2014,39.93,40.549999,39.880001,38.093104,27398700
MSFT,10/04/2014,40.439999,40.689999,39.09,37.048296,45960800
MSFT,11/04/2014,39,39.790001,39,36.907104,34330200
MSFT,14/04/2014,39.110001,39.41,38.900002,36.878868,32006600
MSFT,15/04/2014,39.34,39.959999,39.049999,37.41539,33968700
MSFT,16/04/2014,40.060001,40.419998,39.91,38.027215,30615800
MSFT,17/04/2014,40.009998,40.200001,39.509998,37.660118,36689400
MSFT,21/04/2014,40.130001,40.150002,39.790001,37.594229,22221200
MSFT,22/04/2014,39.959999,40.139999,39.830002,37.641296,27056700
MSFT,23/04/2014,39.990002,39.990002,39.470001,37.358912,24602800
MSFT,24/04/2014,39.740002,39.970001,39.299999,37.51893,42381600
MSFT,25/04/2014,40.290001,40.68,39.75,37.565993,56876800
MSFT,28/04/2014,40.139999,41.290001,40.09,38.469609,50610200
MSFT,29/04/2014,41.099998,41.189999,40.389999,38.130752,29636200
MSFT,30/04/2014,40.400002,40.5,40.169998,38.027215,35458700
MSFT,01/05/2014,40.240002,40.360001,39.950001,37.650707,28787400
MSFT,02/05/2014,40.310001,40.34,39.66,37.358912,43416600
MSFT,05/05/2014,39.52,39.639999,39.299999,37.114184,22460900
MSFT,06/05/2014,39.290001,39.349998,38.950001,36.765916,27112400
MSFT,07/05/2014,39.220001,39.509998,38.509998,37.10477,41744500
MSFT,08/05/2014,39.34,39.900002,38.970001,37.31185,32120400
MSFT,09/05/2014,39.540001,39.849998,39.369999,37.217725,29647600
MSFT,12/05/2014,39.740002,40.02,39.650002,37.62247,22782600
MSFT,13/05/2014,39.919998,40.5,39.849998,38.314441,27004800
MSFT,14/05/2014,40.299999,40.450001,40.049999,38.143821,18818700
MSFT,15/05/2014,40.09,40.400002,39.509998,37.537157,37793200
MSFT,16/05/2014,39.669998,39.84,39.27,37.755179,29867100
MSFT,19/05/2014,39.610001,39.82,39.459999,37.679345,24537400
MSFT,20/05/2014,39.68,39.939999,39.459999,37.612991,21320900
MSFT,21/05/2014,39.799999,40.349998,39.740002,38.248088,22398700
MSFT,22/05/2014,40.290001,40.349998,39.849998,38.011111,20201800
MSFT,23/05/2014,40.369999,40.369999,40,38.03007,18020000
MSFT,27/05/2014,40.259998,40.259998,39.810001,38.096423,26160600
MSFT,28/05/2014,40.139999,40.189999,39.82,37.925799,25711500
MSFT,29/05/2014,40.150002,40.349998,39.91,38.238611,19888200
MSFT,30/05/2014,40.450001,40.970001,40.25,38.807354,34567600
MSFT,02/06/2014,40.950001,41.09,40.68,38.66517,18504300
MSFT,03/06/2014,40.599998,40.68,40.25,38.191216,18068900
MSFT,04/06/2014,40.209999,40.369999,39.860001,38.219652,23209000
MSFT,05/06/2014,40.59,41.25,40.400002,39.06329,31865200
MSFT,06/06/2014,41.48,41.66,41.240002,39.319225,24060500
MSFT,09/06/2014,41.389999,41.48,41.02,39.120165,15019200
MSFT,10/06/2014,41.029999,41.16,40.860001,38.9685,15117700
MSFT,11/06/2014,40.93,41.07,40.77,38.731523,18040000
MSFT,12/06/2014,40.810001,40.880001,40.290001,38.46611,29818900
MSFT,13/06/2014,41.099998,41.57,40.860001,39.082248,26310000
MSFT,16/06/2014,41.040001,41.610001,41.040001,39.338184,24205300
MSFT,17/06/2014,41.290001,41.91,40.34,39.508808,22518600
MSFT,18/06/2014,41.610001,41.740002,41.18,39.480371,27097000
MSFT,19/06/2014,41.57,41.77,41.330002,39.347661,19828200
MSFT,20/06/2014,41.450001,41.830002,41.380001,39.508808,47764900
MSFT,23/06/2014,41.73,42,41.689999,39.80266,18743900
MSFT,24/06/2014,41.830002,41.939999,41.560001,39.575161,26509100
MSFT,25/06/2014,41.700001,42.049999,41.459999,39.840574,20049100
MSFT,26/06/2014,41.93,41.939999,41.43,39.546725,23604400
MSFT,27/06/2014,41.610001,42.290001,41.509998,40.049115,74640000
MSFT,30/06/2014,42.169998,42.209999,41.700001,39.527766,30805500
MSFT,01/07/2014,41.860001,42.150002,41.689999,39.688909,26917000
MSFT,02/07/2014,41.73,41.900002,41.529999,39.717348,20208100
MSFT,03/07/2014,41.91,41.990002,41.560001,39.622556,15969300
MSFT,07/07/2014,41.75,42.119999,41.709999,39.80266,21952400
MSFT,08/07/2014,41.869999,42,41.610001,39.603597,31218200
MSFT,09/07/2014,41.98,41.990002,41.529999,39.499326,18445900
MSFT,10/07/2014,41.369999,42,41.049999,39.518285,21854700
MSFT,11/07/2014,41.700001,42.09,41.48,39.89745,24083000
MSFT,14/07/2014,42.220001,42.450001,42.040001,39.944844,21881100
MSFT,15/07/2014,42.330002,42.470001,42.029999,40.238697,28748700
MSFT,16/07/2014,42.509998,44.310001,42.48,41.783788,63318000
MSFT,17/07/2014,45.450001,45.709999,44.25,42.210344,82180300
MSFT,18/07/2014,44.650002,44.84,44.25,42.362009,43407500
MSFT,21/07/2014,44.560001,45.16,44.220001,42.504197,37604400
MSFT,22/07/2014,45,45.150002,44.59,42.494719,43095800
MSFT,23/07/2014,45.450001,45.450001,44.619999,42.532633,52362900
MSFT,24/07/2014,44.93,45,44.32,42.087119,30725300
MSFT,25/07/2014,44.299999,44.66,44.299999,42.181908,26737700
MSFT,28/07/2014,44.360001,44.509998,43.93,41.679518,29684200
MSFT,29/07/2014,43.91,44.09,43.639999,41.603683,27763100
MSFT,30/07/2014,44.07,44.099998,43.290001,41.309834,31921400
MSFT,31/07/2014,43.380001,43.689999,43.080002,40.911711,31537500
MSFT,01/08/2014,43.209999,43.25,42.599998,40.627339,31170300
MSFT,04/08/2014,42.970001,43.470001,42.810001,41.110771,34277400
MSFT,05/08/2014,43.310001,43.459999,42.830002,40.83588,26266400
MSFT,06/08/2014,42.740002,43.169998,42.209999,40.513591,24634000
MSFT,07/08/2014,42.84,43.450001,42.650002,40.978064,30314900
MSFT,08/08/2014,43.23,43.32,42.91,40.949628,28942700
MSFT,11/08/2014,43.259998,43.450001,43.02,40.949628,20351600
MSFT,12/08/2014,43.040001,43.59,43,41.252959,21431100
MSFT,13/08/2014,43.68,44.18,43.52,41.783788,22889500
MSFT,14/08/2014,44.080002,44.419998,44.009998,41.96389,19313200
MSFT,15/08/2014,44.580002,44.900002,44.400002,42.456802,41611300
MSFT,18/08/2014,44.939999,45.110001,44.68,42.760132,26891100
MSFT,19/08/2014,44.970001,45.34,44.830002,43.237046,28139500
MSFT,20/08/2014,45.34,45.400002,44.900002,42.87459,24770500
MSFT,21/08/2014,44.84,45.25,44.830002,43.132124,22285500
MSFT,22/08/2014,45.349998,45.470001,45.07,43.065356,18294500
MSFT,25/08/2014,45.400002,45.439999,45.040001,43.08443,16910000
MSFT,26/08/2014,45.310001,45.400002,44.939999,42.931817,14873100
MSFT,27/08/2014,44.900002,45,44.759998,42.798282,21287900
MSFT,28/08/2014,44.75,44.98,44.610001,42.807822,17657600
MSFT,29/08/2014,45.09,45.439999,44.860001,43.332427,21607600
MSFT,02/09/2014,45.43,45.459999,44.849998,43.008125,22976800
MSFT,03/09/2014,44.529999,45.110001,44.529999,42.884126,33684500
MSFT,04/09/2014,44.740002,45.27,44.720001,43.170274,26475500
MSFT,05/09/2014,45.110001,45.93,45.110001,43.790264,36939400
MSFT,08/09/2014,46.02,46.799999,45.990002,44.324409,45736700
MSFT,09/09/2014,46.470001,46.970001,46.419998,44.601017,40302400
MSFT,10/09/2014,46.82,46.939999,46.279999,44.677325,27302400
MSFT,11/09/2014,46.740002,47,46.470001,44.829937,29216400
MSFT,12/09/2014,46.91,47.02,46.599998,44.54379,38244700
MSFT,15/09/2014,46.540001,46.709999,46.099998,44.105029,37667600
MSFT,16/09/2014,46.389999,46.849998,46.290001,44.601017,27910600
MSFT,17/09/2014,46.259998,46.689999,46.23,44.3721,38311900
MSFT,18/09/2014,46.59,46.830002,46.459999,44.524713,35556600
MSFT,19/09/2014,46.810001,47.57,46.599998,45.325929,202522400
MSFT,22/09/2014,47.299999,47.380001,46.98,44.887168,38686100
MSFT,23/09/2014,46.849998,46.98,46.470001,44.410254,33430300
MSFT,24/09/2014,46.630001,47.110001,46.34,44.906245,26582700
MSFT,25/09/2014,46.880001,47.09,46.029999,43.914263,33077400
MSFT,26/09/2014,45.93,46.619999,45.759998,44.267178,27078800
MSFT,29/09/2014,45.98,46.560001,45.759998,44.295792,26091000
MSFT,30/09/2014,46.369999,46.48,46.009998,44.219488,33033100
MSFT,01/10/2014,46.27,46.529999,45.849998,43.780727,38088400
MSFT,02/10/2014,45.830002,46.099998,45.639999,43.647188,25119400
MSFT,03/10/2014,45.98,46.299999,45.610001,43.961954,32453200
MSFT,06/10/2014,46.119999,46.299999,45.919998,43.961954,20604000
MSFT,07/10/2014,45.860001,45.93,45.419998,43.427808,25723700
MSFT,08/10/2014,45.48,46.889999,45.34,44.620094,33031000
MSFT,09/10/2014,46.5,46.799999,45.740002,43.733033,34422800
MSFT,10/10/2014,45.599998,46.119999,43.950001,41.997066,51978100
MSFT,13/10/2014,43.82,44.560001,43.490002,41.634613,37100200
MSFT,14/10/2014,43.869999,44.380001,43.560001,41.710918,38115700
MSFT,15/10/2014,43,43.389999,42.099998,41.224467,60218700
MSFT,16/10/2014,42.529999,43.080002,42.220001,40.76663,49040400
MSFT,17/10/2014,43.200001,43.939999,42.790001,41.615536,40683300
MSFT,20/10/2014,43.060001,44.139999,42.810001,42.04476,34527900
MSFT,21/10/2014,44.360001,44.98,44.189999,42.807822,36433800
MSFT,22/10/2014,45,45.07,44.23,42.330908,33570900
MSFT,23/10/2014,44.619999,45.450001,44.529999,42.941357,45451900
MSFT,24/10/2014,46.830002,46.900002,45.18,44.000108,61076700
MSFT,27/10/2014,45.709999,46.099998,45.709999,43.790264,30371300
MSFT,28/10/2014,45.860001,46.5,45.77,44.343486,29024600
MSFT,29/10/2014,46.439999,46.700001,46.34,44.467482,30276100
MSFT,30/10/2014,46.32,46.32,45.77,43.9238,30073900
MSFT,31/10/2014,46.939999,46.970001,46.48,44.782247,35849700
MSFT,03/11/2014,46.889999,47.459999,46.73,45.249621,23130400
MSFT,04/11/2014,47.299999,47.73,47.25,45.373619,21530800
MSFT,05/11/2014,47.799999,47.900002,47.259998,45.65023,22449600
MSFT,06/11/2014,47.860001,48.860001,47.790001,46.451446,33037800
MSFT,07/11/2014,48.919998,48.919998,48.290001,46.432369,28000600
MSFT,10/11/2014,48.650002,49.150002,48.549999,46.632673,36370100
MSFT,11/11/2014,48.849998,48.950001,48.650002,46.613596,23445200
MSFT,12/11/2014,48.560001,48.919998,48.52,46.527751,22722000
MSFT,13/11/2014,48.810001,49.650002,48.709999,47.31943,26208800
MSFT,14/11/2014,49.740002,50.049999,49.389999,47.290816,29081700
MSFT,17/11/2014,49.41,49.709999,49.139999,47.176354,30315500
MSFT,18/11/2014,49.130001,49.330002,48.700001,46.782821,23995500
MSFT,19/11/2014,48.66,48.75,47.93,46.283702,26176800
MSFT,20/11/2014,48,48.700001,47.869999,46.744426,21500700
MSFT,21/11/2014,49.02,49.049999,47.57,46.053337,42883100
MSFT,24/11/2014,47.990002,48,47.389999,45.678998,35434200
MSFT,25/11/2014,47.66,47.970001,47.450001,45.563818,28007900
MSFT,26/11/2014,47.490002,47.990002,47.279999,45.832573,27163600
MSFT,28/11/2014,47.950001,48.200001,47.610001,45.890165,21534400
MSFT,01/12/2014,47.880001,48.779999,47.709999,46.667637,31191600
MSFT,02/12/2014,48.84,49.049999,48.200001,46.514062,25743000
MSFT,03/12/2014,48.439999,48.5,47.810001,46.149324,23534800
MSFT,04/12/2014,48.389999,49.060001,48.200001,46.878804,30320400
MSFT,05/12/2014,48.82,48.970001,48.380001,46.475667,27313400
MSFT,08/12/2014,48.259998,48.349998,47.450001,45.784582,26663100
MSFT,09/12/2014,47.110001,47.919998,47.049999,45.678998,24330500
MSFT,10/12/2014,47.580002,47.66,46.700001,45.016707,30431800
MSFT,11/12/2014,47.080002,47.740002,46.68,45.275862,29060400
MSFT,12/12/2014,46.779999,47.73,46.669998,45.064699,34248400
MSFT,15/12/2014,47.200001,47.669998,46.549999,44.79594,29247800
MSFT,16/12/2014,45.900002,46.34,45.130001,43.346576,47801400
MSFT,17/12/2014,45.049999,45.950001,44.900002,43.903288,34970900
MSFT,18/12/2014,46.580002,47.52,46.34,45.61181,40105600
MSFT,19/12/2014,47.630001,48.099998,47.169998,45.746187,64551200
MSFT,22/12/2014,47.779999,48.119999,47.709999,46.053337,26566000
MSFT,23/12/2014,48.369999,48.799999,48.130001,46.504465,23648100
MSFT,24/12/2014,48.639999,48.639999,48.080002,46.206912,11437800
MSFT,26/12/2014,48.41,48.41,47.82,45.957354,13197800
MSFT,29/12/2014,47.700001,47.779999,47.259998,45.544621,14439500
MSFT,30/12/2014,47.439999,47.619999,46.84,45.131887,16384700
MSFT,31/12/2014,46.73,47.439999,46.450001,44.584776,21552500
MSFT,02/01/2015,46.66,47.419998,46.540001,44.882326,27913900
MSFT,05/01/2015,46.369999,46.73,46.25,44.469596,39673900
MSFT,06/01/2015,46.380001,46.75,45.540001,43.816902,36447900
MSFT,07/01/2015,45.98,46.459999,45.490002,44.373609,29114100
MSFT,08/01/2015,46.75,47.75,46.720001,45.678998,29645200
MSFT,09/01/2015,47.610001,47.82,46.900002,45.295059,23942800
MSFT,12/01/2015,47.419998,47.540001,46.360001,44.728751,23651900
MSFT,13/01/2015,46.970001,47.91,46.060001,44.49839,35270600
MSFT,14/01/2015,45.959999,46.240002,45.619999,44.114451,29719600
MSFT,15/01/2015,46.220001,46.380001,45.41,43.653726,32742300
MSFT,16/01/2015,45.310001,46.279999,45.169998,44.38321,35695300
MSFT,20/01/2015,46.299999,46.650002,45.57,44.527184,36161900
MSFT,21/01/2015,45.939999,46.139999,45.48,44.076056,39081100
MSFT,22/01/2015,46.380001,47.139999,46.080002,45.237471,35898000
MSFT,23/01/2015,47.360001,47.389999,46.799999,45.285462,26211600
MSFT,26/01/2015,47,47.130001,46.240002,45.122287,42525500
MSFT,27/01/2015,42.950001,43.200001,42.110001,40.946965,169164000
MSFT,28/01/2015,42.740002,42.790001,41.16,39.535992,84507100
MSFT,29/01/2015,40.93,42.119999,40.790001,40.323065,63585300
MSFT,30/01/2015,41.549999,41.580002,40.349998,38.777718,78004900
MSFT,02/02/2015,40.59,41.369999,40.23,39.622379,50352500
MSFT,03/02/2015,41.630001,41.93,41.049999,39.929528,52082400
MSFT,04/02/2015,41.939999,42.209999,41.360001,40.159893,41614800
MSFT,05/02/2015,42.220001,42.639999,41.860001,40.745398,36548200
MSFT,06/02/2015,42.68,42.790001,42.150002,40.707004,34311700
MSFT,09/02/2015,42.240002,42.740002,42.209999,40.659012,31381100
MSFT,10/02/2015,42.740002,42.77,42.18,40.889373,29670700
MSFT,11/02/2015,42.650002,42.650002,42.209999,40.67821,38262500
MSFT,12/02/2015,42.66,43.09,42.509998,41.359698,33268800
MSFT,13/02/2015,43.380001,43.869999,43.150002,42.108376,40264900
MSFT,17/02/2015,43.970001,44,43.189999,42.127713,33695700
MSFT,18/02/2015,43.630001,43.700001,43.389999,42.079376,27111700
MSFT,19/02/2015,43.18,43.529999,43.049999,42.050377,27603400
MSFT,20/02/2015,43.509998,43.880001,43.290001,42.398381,29721100
MSFT,23/02/2015,43.700001,44.189999,43.650002,42.678718,32518800
MSFT,24/02/2015,44.150002,44.299999,43.919998,42.620716,25271700
MSFT,25/02/2015,43.950001,44.09,43.799999,42.52405,29759800
MSFT,26/02/2015,43.990002,44.23,43.889999,42.591717,28957300
MSFT,27/02/2015,44.130001,44.200001,43.66,42.388712,33807700
MSFT,02/03/2015,43.669998,44.189999,43.549999,42.417715,31924000
MSFT,03/03/2015,43.560001,43.830002,43.09,41.837708,31748600
MSFT,04/03/2015,43.009998,43.209999,42.880001,41.625042,25748700
MSFT,05/03/2015,43.07,43.240002,42.82,41.673375,23193500
MSFT,06/03/2015,43,43.110001,42.150002,40.948368,36248800
MSFT,09/03/2015,42.189999,43.130001,42.189999,41.422037,32108000
MSFT,10/03/2015,42.349998,42.709999,42.029999,40.629363,39159700
MSFT,11/03/2015,42.310001,42.369999,41.84,40.58103,32215300
MSFT,12/03/2015,41.330002,41.650002,40.860001,39.653023,59992500
MSFT,13/03/2015,40.700001,41.470001,40.610001,40.001027,58007700
MSFT,16/03/2015,41.470001,41.639999,41.279999,40.175029,35273500
MSFT,17/03/2015,41.369999,41.830002,41.150002,40.310362,31673400
MSFT,18/03/2015,41.43,42.830002,41.330002,41.083702,44194800
MSFT,19/03/2015,42.259998,42.59,42.220001,40.880701,33879100
MSFT,20/03/2015,42.560001,42.98,42.490002,41.45104,71904500
MSFT,23/03/2015,42.880001,43.130001,42.779999,41.431706,26246100
MSFT,24/03/2015,42.779999,43.169998,42.75,41.470374,25513300
MSFT,25/03/2015,42.919998,42.93,41.439999,40.078359,43469900
MSFT,26/03/2015,41.220001,41.610001,40.919998,39.83669,37495600
MSFT,27/03/2015,41.119999,41.43,40.830002,39.60469,34401400
MSFT,30/03/2015,41.099998,41.540001,40.91,39.595021,35049700
MSFT,31/03/2015,40.779999,41.029999,40.540001,39.305019,34887200
MSFT,01/04/2015,40.599998,40.759998,40.310001,39.363021,36865300
MSFT,02/04/2015,40.66,40.740002,40.119999,38.94735,37487500
MSFT,06/04/2015,40.34,41.779999,40.18,40.16536,39223700
MSFT,07/04/2015,41.610001,41.91,41.310001,40.146026,28809400
MSFT,08/04/2015,41.459999,41.689999,41.040001,40.039691,24753400
MSFT,09/04/2015,41.25,41.619999,41.25,40.097693,25723900
MSFT,10/04/2015,41.630001,41.950001,41.41,40.329696,28022000
MSFT,13/04/2015,41.400002,42.060001,41.389999,40.368361,30276700
MSFT,14/04/2015,41.799999,42.029999,41.389999,40.262029,24244400
MSFT,15/04/2015,41.759998,42.459999,41.68,40.851698,27343600
MSFT,16/04/2015,41.950001,42.34,41.82,40.755032,22509700
MSFT,17/04/2015,41.669998,41.740002,41.16,40.233027,42387600
MSFT,20/04/2015,41.73,43.169998,41.68,41.480039,46057700
MSFT,21/04/2015,43,43.150002,42.529999,41.219036,26013800
MSFT,22/04/2015,42.669998,43.130001,42.549999,41.557375,25064300
MSFT,23/04/2015,42.889999,43.610001,42.799999,41.895709,46309500
MSFT,24/04/2015,45.66,48.139999,45.650002,46.274748,130933700
MSFT,27/04/2015,47.23,48.130001,47.220001,46.429415,59248200
MSFT,28/04/2015,47.779999,49.209999,47.700001,47.52176,60730800
MSFT,29/04/2015,48.720001,49.310001,48.5,47.425094,47804600
MSFT,30/04/2015,48.700001,49.540001,48.599998,47.019088,64725500
MSFT,01/05/2015,48.580002,48.880001,48.400002,47.038422,38937300
MSFT,04/05/2015,48.369999,48.869999,48.18,46.63242,34039500
MSFT,05/05/2015,47.82,48.16,47.310001,46.013745,50369200
MSFT,06/05/2015,47.57,47.77,46.02,44.737734,52433000
MSFT,07/05/2015,46.27,47.09,46.16,45.143739,32971700
MSFT,08/05/2015,47.549999,47.98,47.52,46.158748,35364900
MSFT,11/05/2015,47.549999,47.91,47.369999,45.79141,24609400
MSFT,12/05/2015,46.849998,47.68,46.419998,45.772076,29928300
MSFT,13/05/2015,48.189999,48.32,47.57,46.042748,34184600
MSFT,14/05/2015,48.029999,48.82,48.029999,47.096424,32980900
MSFT,15/05/2015,48.869999,48.91,48.049999,46.690418,28642700
MSFT,18/05/2015,47.98,48.220001,47.610001,46.410082,24136500
MSFT,19/05/2015,47.560001,47.810001,47.18,46.293331,28574800
MSFT,20/05/2015,47.389999,47.93,47.27,46.293331,25047900
MSFT,21/05/2015,47.279999,47.599998,47.009998,46.137654,22410700
MSFT,22/05/2015,47.299999,47.349998,46.82,45.631719,25720600
MSFT,26/05/2015,46.830002,46.880001,46.189999,45.330101,29581900
MSFT,27/05/2015,46.82,47.77,46.619999,46.322518,27335600
MSFT,28/05/2015,47.5,48.02,47.389999,46.166845,19283700
MSFT,29/05/2015,47.43,47.57,46.59,45.5928,36519600
MSFT,01/06/2015,47.060001,47.77,46.619999,45.952793,28837300
MSFT,02/06/2015,46.93,47.349998,46.619999,45.651175,21498300
MSFT,03/06/2015,47.369999,47.740002,46.82,45.583068,28002200
MSFT,04/06/2015,46.790001,47.16,46.200001,45.106321,27745500
MSFT,05/06/2015,46.310001,46.52,45.84,44.892269,25438100
MSFT,08/06/2015,46.299999,46.43,45.669998,44.493357,22121600
MSFT,09/06/2015,45.759998,45.939999,45.459999,44.415522,24406100
MSFT,10/06/2015,45.790001,46.830002,45.689999,45.34956,28417400
MSFT,11/06/2015,46.66,46.919998,46.130001,45.184156,27347800
MSFT,12/06/2015,46.220001,46.470001,45.900002,44.726868,23931000
MSFT,15/06/2015,45.450001,45.650002,45.02,44.250117,33254500
MSFT,16/06/2015,45.349998,46.240002,45.299999,44.590655,27070300
MSFT,17/06/2015,45.73,46.07,45.360001,44.726868,28704100
MSFT,18/06/2015,46.220001,46.799999,46.169998,45.456586,32658300
MSFT,19/06/2015,46.790001,46.830002,45.990002,44.85335,63837000
MSFT,22/06/2015,46.330002,46.720001,46.16,44.979835,20318100
MSFT,23/06/2015,46.130001,46.279999,45.619999,44.668489,25896500
MSFT,24/06/2015,45.669998,46.25,45.549999,44.40579,34890900
MSFT,25/06/2015,46.029999,46.060001,45.5,44.415522,20616000
MSFT,26/06/2015,45.650002,46.279999,45.029999,44.036065,49835300
MSFT,29/06/2015,45.040001,45.23,44.360001,43.170133,34081700
MSFT,30/06/2015,44.709999,44.720001,43.939999,42.956085,35945400
MSFT,01/07/2015,44.459999,45.23,44.099998,43.247972,28343900
MSFT,02/07/2015,44.48,44.75,44.060001,43.199325,21752000
MSFT,06/07/2015,43.959999,44.48,43.950001,43.189593,23034000
MSFT,07/07/2015,44.34,44.490002,43.32,43.102027,36435800
MSFT,08/07/2015,44.439999,44.900002,44.029999,43.043652,39785900
MSFT,09/07/2015,44.75,45.220001,44.5,43.316079,32424700
MSFT,10/07/2015,45.009998,45.139999,44.57,43.403645,25465800
MSFT,13/07/2015,44.98,45.619999,44.950001,44.308496,28178300
MSFT,14/07/2015,45.450001,45.959999,45.310001,44.386331,22880300
MSFT,15/07/2015,45.68,45.889999,45.43,44.522544,26629600
MSFT,16/07/2015,46.009998,46.689999,45.970001,45.398208,26271700
MSFT,17/07/2015,46.549999,46.779999,46.259998,45.359288,29467100
MSFT,20/07/2015,46.650002,47.130001,46.439999,45.651175,30631900
MSFT,21/07/2015,46.779999,47.330002,46.48,46.00144,42781900
MSFT,22/07/2015,45.439999,46.93,45.200001,44.308496,59152400
MSFT,23/07/2015,45.27,46.23,45.099998,44.863082,33934000
MSFT,24/07/2015,45.91,46.32,45.799999,44.697677,32333200
MSFT,27/07/2015,45.939999,46.009998,45.25,44.123632,39701400
MSFT,28/07/2015,45.580002,45.639999,44.790001,44.113904,34328900
MSFT,29/07/2015,45.400002,46.779999,45.259998,45.038214,40945900
MSFT,30/07/2015,46.259998,47.400002,45.93,45.612259,39777900
MSFT,31/07/2015,47.290001,47.369999,46.5,45.437127,31201500
MSFT,03/08/2015,46.98,47,46.450001,45.544153,24125900
MSFT,04/08/2015,46.75,47.709999,46.68,46.254411,33403900
MSFT,05/08/2015,47.98,48.41,47.540001,46.293331,26959700
MSFT,06/08/2015,47.709999,47.77,46.330002,45.359288,27368000
MSFT,07/08/2015,46.389999,46.779999,46.259998,45.476046,19163000
MSFT,10/08/2015,46.950001,47.490002,46.84,46.050091,23079900
MSFT,11/08/2015,46.82,46.939999,45.900002,45.154968,29237400
MSFT,12/08/2015,46.189999,46.900002,45.709999,45.476046,30181400
MSFT,13/08/2015,47.060001,47.099998,46.490002,45.466314,22627200
MSFT,14/08/2015,46.529999,47.099998,46.52,45.729013,21473400
MSFT,17/08/2015,46.810001,47.450001,46.57,46.04036,21099700
MSFT,18/08/2015,46.84,47.43,46.700001,46.294998,23574100
MSFT,19/08/2015,46.779999,47.080002,46.299999,45.648611,31485500
MSFT,20/08/2015,46.07,46.470001,45.66,44.718205,36238200
MSFT,21/08/2015,45.299999,45.48,43.07,42.181627,70053100
MSFT,24/08/2015,40.450001,42.689999,39.720001,40.820298,88753700
MSFT,25/08/2015,42.57,43.240002,40.389999,39.635257,70616600
MSFT,26/08/2015,42.009998,42.84,41.060001,41.829052,63408000
MSFT,27/08/2015,43.23,43.950001,42.93,42.994509,50943200
MSFT,28/08/2015,43.400002,44.150002,43.389999,43.023889,28246700
MSFT,31/08/2015,43.560001,43.93,43.099998,42.622346,34441700
MSFT,01/09/2015,42.169998,42.59,41.66,40.95741,49688900
MSFT,02/09/2015,42.360001,43.380001,41.880001,42.465647,37671500
MSFT,03/09/2015,43.41,43.98,43.279999,42.602758,28285200
MSFT,04/09/2015,42.810001,43.040001,42.200001,41.731116,37138800
MSFT,08/09/2015,43.299999,44,43.200001,42.984713,32469800
MSFT,09/09/2015,44.209999,44.400002,42.91,42.181627,33469500
MSFT,10/09/2015,43.119999,43.790001,42.75,42.397091,31366600
MSFT,11/09/2015,43.139999,43.59,42.939999,42.58317,27132500
MSFT,14/09/2015,43.43,43.439999,42.860001,42.152247,23656000
MSFT,15/09/2015,43.189999,44.290001,43.080002,43.072857,28882200
MSFT,16/09/2015,43.970001,44.380001,43.84,43.386257,23372200
MSFT,17/09/2015,44.290001,45,44.080002,43.337289,32768200
MSFT,18/09/2015,43.5,43.990002,43.330002,42.58317,63143700
MSFT,21/09/2015,43.619999,44.470001,43.599998,43.200177,26177200
MSFT,22/09/2015,43.380001,44.049999,43.310001,42.994509,28085900
MSFT,23/09/2015,43.93,44.169998,43.509998,42.965126,17145200
MSFT,24/09/2015,43.450001,44.130001,43.27,43.004301,27905600
MSFT,25/09/2015,44.48,44.73,43.759998,43.033681,29384600
MSFT,28/09/2015,43.830002,44.09,43.209999,42.397091,27613800
MSFT,29/09/2015,43.369999,43.57,43.049999,42.543994,32763600
MSFT,30/09/2015,43.880001,44.299999,43.66,43.347081,34958900
MSFT,01/10/2015,44.75,44.75,43.75,43.689864,28657900
MSFT,02/10/2015,44.27,45.57,43.919998,44.630062,41839000
MSFT,05/10/2015,45.75,46.889999,45.700001,45.668199,34369300
MSFT,06/10/2015,46.330002,47.18,46.220001,45.785723,27510800
MSFT,07/10/2015,47.099998,47.349998,45.950001,45.834691,27711500
MSFT,08/10/2015,46.560001,47.52,46.5,46.471285,33772700
MSFT,09/10/2015,47.450001,47.540001,46.919998,46.138298,28600600
MSFT,12/10/2015,46.98,47.07,46.5,46.030566,19769100
MSFT,13/10/2015,46.560001,47.130001,46.560001,45.922835,19987800
MSFT,14/10/2015,46.650002,47.099998,46.529999,45.717167,24697800
MSFT,15/10/2015,47.009998,47.029999,46.529999,46.040358,27189400
MSFT,16/10/2015,47.02,47.540001,46.900002,46.530045,25779300
MSFT,19/10/2015,47.419998,47.880001,47.02,46.637777,29387600
MSFT,20/10/2015,47.439999,47.810001,47.02,46.784685,30802200
MSFT,21/10/2015,47.919998,47.990002,47.110001,46.226442,25144300
MSFT,22/10/2015,47.529999,48.950001,47.09,47.03932,56637100
MSFT,23/10/2015,52.299999,54.07,52.25,51.779489,135227100
MSFT,26/10/2015,52.529999,54.32,52.5,53.131026,64633300
MSFT,27/10/2015,53.990002,54.369999,53.580002,52.582575,50999900
MSFT,28/10/2015,53.540001,53.98,52.860001,52.866595,47000800
MSFT,29/10/2015,53.540001,53.830002,53.220001,52.259384,30202100
MSFT,30/10/2015,53.32,53.990002,52.619999,51.554234,46619800
MSFT,02/11/2015,52.849998,53.360001,52.619999,52.14186,30285000
MSFT,03/11/2015,52.93,54.389999,52.900002,53.03309,36596900
MSFT,04/11/2015,54.18,54.880001,54.060001,53.277934,37087800
MSFT,05/11/2015,54.490002,54.700001,54,53.258346,31468500
MSFT,06/11/2015,54.09,54.98,53.959999,53.787205,32851200
MSFT,09/11/2015,54.549999,54.869999,53.560001,53.042882,32513100
MSFT,10/11/2015,54.07,54.130001,53.27,52.406288,55283700
MSFT,11/11/2015,53.700001,54.200001,53.459999,52.543403,36516300
MSFT,12/11/2015,53.48,53.98,53.189999,52.220208,35361100
MSFT,13/11/2015,53.07,53.290001,52.529999,51.750109,36848200
MSFT,16/11/2015,53.080002,53.889999,52.849998,52.660927,32165200
MSFT,17/11/2015,53.169998,53.529999,52.849998,52.227098,31551300
MSFT,18/11/2015,53,53.98,52.98,53.094754,29710000
MSFT,19/11/2015,53.990002,54.66,53.779999,53.183492,28149200
MSFT,20/11/2015,54.25,54.299999,53.27,53.429985,37147600
MSFT,23/11/2015,54.25,54.459999,53.75,53.429985,28235900
MSFT,24/11/2015,53.919998,54.439999,53.580002,53.489145,24600000
MSFT,25/11/2015,54.09,54.23,53.689999,52.936998,21005100
MSFT,27/11/2015,53.799999,54.080002,53.790001,53.173634,9009100
MSFT,30/11/2015,54.540001,54.959999,54,53.587741,56241400
MSFT,01/12/2015,54.41,55.23,54.299999,54.445542,39952800
MSFT,02/12/2015,55.32,55.959999,55.060001,54.43568,47274900
MSFT,03/12/2015,55.490002,55.77,53.93,53.439847,38627800
MSFT,04/12/2015,54.119999,56.23,54.099998,55.125864,43963700
MSFT,07/12/2015,55.790001,55.970001,55.290001,55.027268,30709800
MSFT,08/12/2015,55.470001,56.099998,54.990002,55.007548,32878000
MSFT,09/12/2015,55.369999,55.869999,54.509998,54.208907,36373200
MSFT,10/12/2015,55.389999,55.66,55.009998,54.49484,31775800
MSFT,11/12/2015,54.709999,55.099998,54.009998,53.301811,39549500
MSFT,14/12/2015,54.330002,55.209999,53.68,54.366662,46768900
MSFT,15/12/2015,55.66,55.900002,55.09,54.425822,39459000
MSFT,16/12/2015,55.540001,56.25,54.759998,55.342779,37503300
MSFT,17/12/2015,56.360001,56.790001,55.529999,54.91881,41280900
MSFT,18/12/2015,55.77,56,54.029999,53.370829,84684200
MSFT,21/12/2015,54.880001,55.349998,54.23,54.061013,37246300
MSFT,22/12/2015,54.990002,55.48,54.5,54.573716,28322200
MSFT,23/12/2015,55.700001,55.880001,55.439999,55.037126,27279800
MSFT,24/12/2015,55.860001,55.959999,55.43,54.889228,9570000
MSFT,28/12/2015,55.349998,55.950001,54.98,55.165304,22458300
MSFT,29/12/2015,56.290001,56.849998,56.060001,55.756887,27731400
MSFT,30/12/2015,56.470001,56.779999,56.290001,55.520255,21704500
MSFT,31/12/2015,56.040001,56.189999,55.419998,54.701894,27334100
MSFT,04/01/2016,54.32,54.799999,53.389999,54.031431,53778000
MSFT,05/01/2016,54.93,55.389999,54.540001,54.277924,34079700
MSFT,06/01/2016,54.32,54.400002,53.639999,53.291949,39518900
MSFT,07/01/2016,52.700001,53.490002,52.07,51.438315,56564900
MSFT,08/01/2016,52.369999,53.279999,52.150002,51.596075,48754000
MSFT,11/01/2016,52.509998,52.849998,51.459999,51.566493,36943800
MSFT,12/01/2016,52.759998,53.099998,52.060001,52.039761,36095500
MSFT,13/01/2016,53.799999,54.07,51.299999,50.91575,66883600
MSFT,14/01/2016,52,53.419998,51.57,52.365134,52381900
MSFT,15/01/2016,51.310001,51.970001,50.34,50.274868,71820700
MSFT,19/01/2016,51.48,51.68,50.060001,49.850899,43564500
MSFT,20/01/2016,49.98,51.380001,49.099998,50.077673,63273000
MSFT,21/01/2016,51,51.580002,50.299999,49.772019,40191200
MSFT,22/01/2016,51.41,52.330002,51.259998,51.556635,37555800
MSFT,25/01/2016,51.939999,52.650002,51.650002,51.063648,34707700
MSFT,26/01/2016,51.790001,52.439999,51.549999,51.438315,28900800
MSFT,27/01/2016,52.009998,52.200001,51.02,50.501642,36775200
MSFT,28/01/2016,51.860001,52.209999,51.25,51.329861,62513800
MSFT,29/01/2016,54.73,55.09,54,54.317364,83611700
MSFT,01/02/2016,54.880001,55.09,54.5,53.942693,44208500
MSFT,02/02/2016,54.169998,54.259998,52.650002,52.256676,56313800
MSFT,03/02/2016,53.25,53.389999,51.259998,51.428457,57559800
MSFT,04/02/2016,52.099998,52.810001,51.369999,51.270701,46987100
MSFT,05/02/2016,51.939999,52,49.560001,49.456507,62009000
MSFT,08/02/2016,49.549999,49.57,48.189999,48.717026,59290500
MSFT,09/02/2016,49.02,50.240002,48.669998,48.588848,46740500
MSFT,10/02/2016,49.889999,50.389999,49.52,49.012818,38237000
MSFT,11/02/2016,48.68,50.110001,48.509998,48.993098,48878600
MSFT,12/02/2016,50.25,50.68,49.75,49.791739,34243300
MSFT,16/02/2016,50.900002,51.09,50.130001,50.73514,37291200
MSFT,17/02/2016,51.490002,52.77,51.450001,52.0559,40789000
MSFT,18/02/2016,52.330002,52.950001,52.099998,51.827498,27176000
MSFT,19/02/2016,51.970001,52.279999,51.529999,51.460069,33559100
MSFT,22/02/2016,52.279999,53,52.279999,52.284306,25008300
MSFT,23/02/2016,52.34,52.369999,50.98,50.824515,28895300
MSFT,24/02/2016,50.689999,51.5,50.200001,51.003265,33014500
MSFT,25/02/2016,51.73,52.099998,50.610001,51.738123,26939500
MSFT,26/02/2016,52.599998,52.68,51.099998,50.94368,35975900
MSFT,29/02/2016,51.349998,51.650002,50.66,50.526599,31654000
MSFT,01/03/2016,50.970001,52.59,50.919998,52.214792,33024500
MSFT,02/03/2016,52.41,52.959999,52.16,52.582221,29289900
MSFT,03/03/2016,52.970001,52.970001,51.779999,51.986386,24427800
MSFT,04/03/2016,52.400002,52.450001,51.709999,51.668609,33034200
MSFT,07/03/2016,51.560001,51.799999,50.580002,50.675555,38407800
MSFT,08/03/2016,50.799999,52.130001,50.599998,51.291252,33835100
MSFT,09/03/2016,51.889999,52.849998,51.860001,52.472985,28251600
MSFT,10/03/2016,52.93,52.939999,51.16,51.688471,38387800
MSFT,11/03/2016,53,53.07,52.380001,52.701387,32275700
MSFT,14/03/2016,52.709999,53.59,52.630001,52.800691,24083600
MSFT,15/03/2016,52.75,53.59,52.740002,53.217775,21104800
MSFT,16/03/2016,53.450001,54.599998,53.400002,53.972495,31691700
MSFT,17/03/2016,54.209999,55,54,54.280343,28223900
MSFT,18/03/2016,54.919998,54.970001,53.450001,53.118471,67625500
MSFT,21/03/2016,53.25,53.93,52.93,53.4859,23925700
MSFT,22/03/2016,53.610001,54.25,53.459999,53.694441,23124100
MSFT,23/03/2016,54.110001,54.240002,53.740002,53.595137,20129000
MSFT,24/03/2016,53.84,54.330002,53.73,53.833468,19950000
MSFT,28/03/2016,54.209999,54.290001,53.330002,53.168123,17025100
MSFT,29/03/2016,53.66,54.860001,53.450001,54.329995,23924300
MSFT,30/03/2016,54.93,55.639999,54.900002,54.667634,23008300
MSFT,31/03/2016,54.950001,55.59,54.860001,54.846384,26360500
MSFT,01/04/2016,55.049999,55.610001,54.57,55.184022,24399200
MSFT,04/04/2016,55.43,55.66,55,55.044995,18928800
MSFT,05/04/2016,55.189999,55.299999,54.459999,54.181039,19272300
MSFT,06/04/2016,54.360001,55.200001,54.209999,54.737147,21188700
MSFT,07/04/2016,54.869999,54.91,54.23,54.081731,19225100
MSFT,08/04/2016,54.669998,55.279999,54.32,54.042008,22167200
MSFT,11/04/2016,54.490002,55.150002,54.299999,53.932776,21414200
MSFT,12/04/2016,54.369999,54.779999,53.759998,54.270414,24944300
MSFT,13/04/2016,55.119999,55.439999,54.889999,54.965549,20818000
MSFT,14/04/2016,55.220001,55.580002,55.07,54.975482,20877100
MSFT,15/04/2016,55.299999,55.919998,55.110001,55.263468,28793800
MSFT,18/04/2016,55.490002,56.59,55.209999,56.06784,23786000
MSFT,19/04/2016,56.630001,56.77,55.68,55.998326,29596800
MSFT,20/04/2016,56.290001,56.5,55.490002,55.203884,36195700
MSFT,21/04/2016,55.799999,56.23,55.419998,55.392563,38909100
MSFT,22/04/2016,51.91,52.43,50.77,51.420346,126834100
MSFT,25/04/2016,51.779999,52.130001,51.630001,51.748056,33226900
MSFT,26/04/2016,52.259998,52.349998,51.09,51.082707,33532600
MSFT,27/04/2016,51.48,51.5,50.549999,50.58618,43369300
MSFT,28/04/2016,50.619999,50.77,49.560001,49.553407,43134800
MSFT,29/04/2016,49.349998,50.25,49.349998,49.523612,48411700
MSFT,02/05/2016,50,50.75,49.779999,50.258474,33114500
MSFT,03/05/2016,50.34,50.41,49.599998,49.434237,26460200
MSFT,04/05/2016,49.84,50.060001,49.459999,49.523612,24257600
MSFT,05/05/2016,49.869999,50.299999,49.73,49.593126,25390700
MSFT,06/05/2016,49.919998,50.389999,49.66,50.040001,24787300
MSFT,09/05/2016,50.490002,50.59,50,49.722224,17951600
MSFT,10/05/2016,50.330002,51.099998,50.189999,50.665626,22891000
MSFT,11/05/2016,51.130001,51.779999,51,50.695417,24039100
MSFT,12/05/2016,51.200001,51.810001,50.919998,51.152221,24102800
MSFT,13/05/2016,51.439999,51.900002,51.040001,50.725211,22592300
MSFT,16/05/2016,50.799999,51.959999,50.75,51.470002,20032000
MSFT,17/05/2016,51.720001,51.73,50.360001,50.509998,27803500
MSFT,18/05/2016,50.48,51.139999,50.299999,50.810001,24907500
MSFT,19/05/2016,50.470001,50.619999,49.82,50.32,23842400
MSFT,20/05/2016,50.48,51.220001,50.400002,50.619999,23692400
MSFT,23/05/2016,50.599998,50.68,49.98,50.029999,25999700
MSFT,24/05/2016,50.700001,51.709999,50.400002,51.59,34621600
MSFT,25/05/2016,51.919998,52.490002,51.790001,52.119999,24040200
MSFT,26/05/2016,51.93,51.98,51.360001,51.889999,24182900
MSFT,27/05/2016,51.919998,52.32,51.77,52.32,17653700
MSFT,31/05/2016,52.259998,53,52.080002,53,37137700
MSFT,01/06/2016,52.439999,52.950001,52.439999,52.849998,24772900
MSFT,02/06/2016,52.639999,52.740002,51.84,52.48,22565300
MSFT,03/06/2016,52.380001,52.419998,51.599998,51.790001,23081300
MSFT,06/06/2016,51.990002,52.349998,51.889999,52.130001,18109300
MSFT,07/06/2016,52.240002,52.73,52.099998,52.099998,20794000
MSFT,08/06/2016,52.02,52.439999,51.869999,52.040001,21089400
MSFT,09/06/2016,52,52,51.490002,51.619999,20203000
MSFT,10/06/2016,51.049999,52.049999,51.040001,51.48,25698900
MSFT,13/06/2016,49.580002,50.720001,49.060001,50.139999,82852600
MSFT,14/06/2016,49.900002,50.099998,49.57,49.830002,42159100
MSFT,15/06/2016,49.779999,50.119999,49.689999,49.689999,33559600
MSFT,16/06/2016,49.52,50.470001,49.509998,50.389999,31101800
MSFT,17/06/2016,50.41,50.43,49.82,50.130001,45670500
MSFT,20/06/2016,50.639999,50.830002,50.029999,50.07,35559500
MSFT,21/06/2016,50.200001,51.43,50.16,51.189999,33989400
MSFT,22/06/2016,51.080002,51.459999,50.950001,50.990002,28713300
MSFT,23/06/2016,51.279999,52.060001,51.150002,51.91,28679600
MSFT,24/06/2016,49.810001,50.939999,49.52,49.830002,125445600
MSFT,27/06/2016,49.099998,49.150002,48.040001,48.43,50216300
MSFT,28/06/2016,48.919998,49.470001,48.669998,49.439999,36952600
MSFT,29/06/2016,49.91,50.720001,49.799999,50.540001,31272000
MSFT,30/06/2016,50.720001,51.299999,50.5,51.169998,28334000
MSFT,01/07/2016,51.130001,51.720001,51.07,51.16,21396300
MSFT,05/07/2016,50.830002,51.279999,50.740002,51.169998,24400400
MSFT,06/07/2016,50.779999,51.540001,50.389999,51.380001,28151300
MSFT,07/07/2016,51.419998,51.610001,51.07,51.380001,19580800
MSFT,08/07/2016,51.73,52.360001,51.549999,52.299999,28216800
